,name,price,rating,dis_ends,dis_start,release,discount
0,"Little Inferno
new historical low",2.99 SR,91.28%,in 3 days,4 hours ago,9 years ago,-90%
1,"Human Resource Machine
new historical low",7.48 SR,90.11%,in 3 days,4 hours ago,6 years ago,-75%
2,"HIVESWAP: ACT 1
new historical low",6.28 SR,89.56%,in 2 days,4 hours ago,4 years ago,-65%
3,"7 Billion Humans
new historical low",7.48 SR,88.34%,in 3 days,4 hours ago,3 years ago,-75%
4,"Pesterquest
new historical low",8.48 SR,86.06%,in 2 days,4 hours ago,2 years ago,-66%
5,"HIVESWAP: ACT 2
new historical low",22.46 SR,82.57%,,,,-25%
6,The Life and Suffering of Sir Brante,22.71 SR,88.73%,,,,-35%
7,"Hiveswap Friendsim
lowest price is 1.37 SR at -50%",9.16 SR,88.26%,,,,-66%
8,Accident,17.97 SR,76.57%,,,,-40%
9,Teardown,31.96 SR,93.26%,in 3 days,yesterday,13 months ago,-20%
10,Fights in Tight Spaces,35.95 SR,89.39%,in 6 days,yesterday,2 days ago,-10%
11,"The Last Campfire
new historical low",20.96 SR,91.69%,in 3 days,4 hours ago,2 months ago,-30%
12,"Sea of Thieves
lowest price is 29.97 SR at -50%",35.97 SR,89.34%,in 20 hours,9 days ago,2 years ago,-40%
13,"Gloomhaven
lowest price is 27.16 SR at -32%",43.16 SR,85.55%,in 3 days,yesterday,2 months ago,-20%
14,"Wartales
new historical low",89.95 SR,81.31%,in 5 days,2 days ago,3 days ago,-10%
15,BIOMUTANT,112.00 SR,67.07%,in 3 days,yesterday,6 months ago,-50%
16,"Happy's Humble Burger Farm
new historical low",31.45 SR,64.78%,in 7 days,5 hours ago,22 hours ago,-10%
17,ICARUS,42.25 SR,-,in 3 days,3 months ago,22 hours ago,-10%
18,A Plague Tale: Innocence,42.25 SR,92.09%,in 3 days,yesterday,3 years ago,-75%
19,"The Room 4: Old Sins
lowest price is 12.96 SR at -35%",14.96 SR,95.57%,in 3 days,yesterday,10 months ago,-25%
20,"Kitty Powers' Matchmaker
lowest price is 8.25 SR at -75%",16.50 SR,89.59%,in 3 days,yesterday,7 years ago,-50%
21,"Motorsport Manager
lowest price is 13.95 SR at -85%",18.75 SR,89.15%,in 3 days,yesterday,5 years ago,-75%
22,"Shooty Fruity
lowest price is 13.98 SR at -60%",17.47 SR,84.51%,in 3 days,yesterday,4 years ago,-50%
23,"Need for Speed‚Ñ¢ Heat
lowest price is 41.86 SR at -86%",74.75 SR,81.49%,in 3 days,yesterday,2 years ago,-75%
24,"Kitty Powers' Love Life
lowest price is 6.73 SR at -75%",13.47 SR,80.68%,in 3 days,yesterday,4 years ago,-50%
25,"Strike Suit Infinity
lowest price is 4.80 SR at -80%",9.60 SR,79.15%,in 3 days,yesterday,9 years ago,-60%
26,Pathfinder: Kingmaker - Enhanced Plus Edition,15.72 SR,77.43%,in 3 days,yesterday,3 years ago,-55%
27,"Need for Speed‚Ñ¢ Most Wanted
lowest price is 6.60 SR at -90%",16.50 SR,77.01%,,,,-75%
28,"Dance of Death: Du Lac & Fey
lowest price is 20.37 SR at -40%",23.76 SR,76.38%,,,,-30%
29,"Need for Speed‚Ñ¢ Hot Pursuit Remastered
lowest price is 41.70 SR at -70%",45.87 SR,76.24%,,,,-67%
30,"Strike Suit Zero: Director's Cut
lowest price is 11.20 SR at -80%",22.40 SR,75.71%,in 3 days,yesterday,8 years ago,-60%
31,Joe Danger,9.40 SR,75.55%,in 3 days,4 hours ago,9 years ago,-80%
32,"Strike Suit Zero
lowest price is 8.40 SR at -85%",41.60 SR,74.30%,in 3 days,yesterday,9 years ago,-60%
33,"No Man's Sky
lowest price is 35.98 SR at -60%",44.97 SR,73.37%,in 3 days,yesterday,5 years ago,-50%
34,Outward,47.70 SR,73.27%,in 3 days,yesterday,3 years ago,-70%
35,Abandon Ship,15.98 SR,72.25%,in 3 days,yesterday,2 years ago,-60%
36,The Dark Pictures Anthology: Man of Medan,42.57 SR,71.52%,in 3 days,11 hours ago,2 years ago,-67%
37,The Dark Pictures Anthology: Little Hope,65.00 SR,71.38%,in 3 days,11 hours ago,13 months ago,-50%
38,"West of Dead
new historical low",13.98 SR,70.98%,in 3 days,yesterday,2 years ago,-60%
39,"Chime Sharp
lowest price is 3.15 SR at -85%",4.20 SR,68.26%,in 3 days,yesterday,5 years ago,-80%
40,"The Assembly
lowest price is 24.90 SR at -70%",33.20 SR,66.77%,in 3 days,yesterday,5 years ago,-60%
41,"Warhammer Quest
lowest price is 2.99 SR at -90%",5.99 SR,65.55%,in 3 days,yesterday,7 years ago,-80%
42,"Bloody Zombies
lowest price is 14.10 SR at -70%",18.80 SR,64.71%,in 3 days,yesterday,4 years ago,-60%
43,Trailblazers,9.39 SR,63.41%,in 3 days,yesterday,4 years ago,-80%
44,"Burnout‚Ñ¢ Paradise Remastered
lowest price is 16.50 SR at -75%",26.40 SR,62.97%,in 3 days,yesterday,3 years ago,-60%
45,Warhammer Quest 2: The End Times,6.99 SR,57.47%,in 3 days,yesterday,3 years ago,-80%
46,Joe Danger 2: The Movie,9.40 SR,57.42%,in 3 days,4 hours ago,9 years ago,-80%
47,"Torn Tales
lowest price is 3.59 SR at -85%",4.79 SR,56.94%,,,,-80%
48,Squillamorph,10.78 SR,56.32%,,,,-60%
49,"Perfect
lowest price is 9.90 SR at -70%",11.55 SR,48.82%,,,,-65%
50,"Torn Tales: Rebound Edition
lowest price is 4.49 SR at -85%",5.99 SR,37.90%,,,,-80%
51,"Godus Wars
lowest price is 11.75 SR at -75%",23.50 SR,20.61%,in 3 days,yesterday,6 years ago,-50%
52,"Pathfinder: Kingmaker - Royal Ascension DLC
lowest price is 7.18 SR at -60%",8.97 SR,-,in 3 days,yesterday,-,-50%
53,"After the Fall¬Æ - Launch Edition
new historical low",53.99 SR,-,in 6 days,15 days ago,in 5 days,-10%
54,"Mecha Knights: Nightmare
new historical low",26.30 SR,86.88%,in 5 days,4 hours ago,3 months ago,-15%
55,Mirror,2.10 SR,95.39%,in 13 days,yesterday,4 years ago,-60%
56,Tales of the Black Forest,2.98 SR,94.59%,in 13 days,yesterday,2 years ago,-70%
57,Fox Hime Zero,2.10 SR,93.29%,in 13 days,yesterday,4 years ago,-60%
58,Vampires' Melody,4.97 SR,93.22%,in 13 days,yesterday,14 months ago,-50%
59,XCOM: Enemy Unknown,20.75 SR,92.77%,in 13 days,21 hours ago,9 years ago,-75%
60,King Exit,2.10 SR,91.72%,in 13 days,yesterday,4 years ago,-70%
61,Fantasy Girl,1.65 SR,91.10%,in 13 days,yesterday,2 years ago,-40%
62,Tree Simulator 2022,2.38 SR,90.60%,in 7 days,yesterday,8 months ago,-70%
63,Unrailed!,15.28 SR,90.56%,in 13 days,2 days ago,15 months ago,-70%
64,Barotrauma,14.98 SR,90.45%,in 13 days,yesterday,3 years ago,-75%
65,"Cook, Serve, Delicious! 3?!",17.47 SR,89.50%,in 11 days,9 days ago,14 months ago,-50%
66,Material Girl,2.10 SR,89.17%,in 13 days,yesterday,5 years ago,-70%
67,Tricolour Lovestory,2.80 SR,89.12%,in 13 days,yesterday,4 years ago,-60%
68,Elise the Devil,2.10 SR,88.89%,in 13 days,yesterday,4 years ago,-70%
69,The Vagrant,3.98 SR,88.04%,,,,-60%
70,Dark Elf,4.20 SR,86.20%,,,,-70%
71,Witch It,14.70 SR,86.15%,,,,-70%
72,Garfield Kart - Furious Racing,2.99 SR,85.60%,,,,-90%
73,"Cook, Serve, Delicious! 2!!",10.50 SR,85.53%,in 11 days,9 days ago,4 years ago,-75%
74,"UBERMOSH
lowest price is 1.37 SR at -50%",1.43 SR,85.47%,in 2 days,2 days ago,6 years ago,-88%
75,Â¶ÑÊÉ≥ÁóáÔºöDeliver Me,2.10 SR,85.14%,in 13 days,yesterday,3 years ago,-60%
76,Otaku's Fantasy,2.10 SR,85.03%,in 13 days,yesterday,4 years ago,-70%
77,"Fluffy Store
lowest price is 1.57 SR at -70%",2.10 SR,93.10%,in 13 days,yesterday,2 years ago,-60%
78,"FlatOut 2‚Ñ¢
lowest price is 3.30 SR at -90%",20.80 SR,92.96%,in 12 days,2 days ago,16 years ago,-80%
79,"DEEP SPACE WAIFU: NEKOMIMI
lowest price is 3.15 SR at -40%",3.67 SR,91.52%,in 12 days,9 days ago,3 years ago,-30%
80,"Cook, Serve, Delicious!
lowest price is 3.30 SR at -90%",8.25 SR,91.40%,in 11 days,9 days ago,8 years ago,-75%
81,"Deep Space Waifu: FANTASY
lowest price is 3.67 SR at -30%",5.56 SR,90.43%,in 2 days,12 days ago,3 years ago,-30%
82,"FlatOut
lowest price is 2.60 SR at -90%",20.80 SR,88.93%,-,2 days ago,17 years ago,-80%
83,Russian Subway Dogs,13.47 SR,88.79%,in 13 days,yesterday,3 years ago,-55%
84,"Siralim Ultimate
lowest price is 27.96 SR at -20%",31.45 SR,88.77%,in 7 days,6 hours ago,22 hours ago,-10%
85,"Eve of Souls: Static Pod
lowest price is 2.10 SR at -60%",4.77 SR,87.46%,in 13 days,yesterday,3 years ago,-40%
86,UBERMOSH Vol.5,1.37 SR,86.39%,in 2 days,25 days ago,5 years ago,-50%
87,"Drift Phonk 666
lowest price is 1.37 SR at -50%",1.51 SR,86.23%,tomorrow,13 days ago,8 months ago,-45%
88,"Ninjin: Clash of Carrots
lowest price is 2.19 SR at -90%",4.39 SR,86.22%,in 13 days,yesterday,3 years ago,-80%
89,"The Inner World
lowest price is 4.79 SR at -85%",9.40 SR,86.14%,,,,-80%
90,Lost Lands: The Four Horsemen,8.40 SR,85.81%,,,,-65%
91,"Syberia
lowest price is 0.00 SR at -100%",6.30 SR,85.55%,,,,-85%
92,"Dwarf Journey
lowest price is 3.98 SR at -75%",5.42 SR,85.50%,in 14 days,4 hours ago,9 months ago,-66%
93,"SaGa Frontier Remastered
new historical low",76.00 SR,85.44%,in 6 days,7 days ago,8 months ago,-20%
94,Hell Girls,2.10 SR,84.98%,in 13 days,yesterday,5 years ago,-70%
95,Soulestination,5.56 SR,84.92%,in 10 days,4 hours ago,11 months ago,-30%
96,Deponia: The Complete Journey,13.90 SR,84.57%,in 13 days,yesterday,8 years ago,-90%
97,"UBERMOSH:SANTICIDE
lowest price is 1.19 SR at -90%",1.37 SR,84.51%,in 2 days,25 days ago,3 years ago,-50%
98,"Exit From
lowest price is 2.39 SR at -80%",4.18 SR,84.42%,in 13 days,yesterday,8 months ago,-65%
99,"RollingSky2
lowest price is 8.08 SR at -70%",13.47 SR,84.32%,in 7 days,7 days ago,2 years ago,-50%
100,"Lost: Find
new historical low",8.95 SR,84.18%,in 7 days,14 hours ago,22 hours ago,-10%
101,Gordian Rooms 1: A curious heritage,6.97 SR,84.17%,in 14 days,4 hours ago,15 months ago,-50%
102,Wars and Warriors: Joan of Arc,6.00 SR,84.13%,in 12 days,9 days ago,18 years ago,-75%
103,"FIGHT KNIGHT
new historical low",31.45 SR,84.08%,in 4 days,3 days ago,4 days ago,-10%
104,Ryse: Son of Rome,5.48 SR,84.02%,in 13 days,yesterday,7 years ago,-75%
105,Instant Farmer - Logic Puzzle,3.67 SR,83.99%,in 3 days,4 days ago,10 months ago,-30%
106,SantaCraft,9.56 SR,83.74%,in 6 days,yesterday,12 months ago,-20%
107,Cute Cats,1.37 SR,83.68%,in 12 days,9 days ago,4 months ago,-50%
108,"Bulb Boy
lowest price is 3.00 SR at -90%",7.20 SR,83.50%,in 10 days,4 days ago,6 years ago,-76%
109,AER Memories of Old,4.70 SR,83.42%,in 13 days,yesterday,4 years ago,-90%
110,Juiced!,2.62 SR,83.28%,,,,-50%
111,Darkness and Flame: Born of Fire,8.40 SR,83.21%,,,,-65%
112,"XCOM¬Æ 2
lowest price is 12.00 SR at -92%",15.00 SR,83.15%,,,,-90%
113,"BURIED STARS
new historical low",50.95 SR,82.95%,,,,-15%
114,"FlatOut: Ultimate Carnage
lowest price is 5.60 SR at -90%",20.80 SR,82.93%,in 12 days,2 days ago,14 years ago,-80%
115,Absolute Alchemical Potion,7.97 SR,82.82%,in 12 days,2 days ago,14 months ago,-50%
116,The Heiress,4.20 SR,82.79%,in 13 days,yesterday,4 years ago,-70%
117,"Mibibli's Quest
new historical low",2.09 SR,82.63%,in 12 days,2 days ago,5 years ago,-85%
118,Vojo,1.37 SR,82.63%,in 14 days,4 hours ago,8 months ago,-50%
119,Get-A-Grip Chip,17.97 SR,82.55%,in 11 days,9 days ago,14 months ago,-40%
120,Figment,3.49 SR,82.53%,in 13 days,yesterday,4 years ago,-90%
121,ÂâçÁ®ã‰ººÈî¶ Excellent Expectations,4.45 SR,82.46%,in 12 days,2 days ago,4 years ago,-44%
122,"Find Yourself
lowest price is 3.19 SR at -80%",7.49 SR,82.37%,in 13 days,yesterday,10 months ago,-53%
123,"Conscious Existence - A Journey Within
new historical low",4.06 SR,82.28%,in 13 days,yesterday,3 years ago,-66%
124,"Time Rifters
lowest price is 8.25 SR at -75%",11.22 SR,82.11%,in 12 days,2 days ago,7 years ago,-66%
125,"The Divine Invasion
lowest price is 5.98 SR at -70%",15.96 SR,82.08%,in 7 days,13 hours ago,15 months ago,-20%
126,The Smurfs - Mission Vileaf,91.16 SR,82.05%,in 5 days,2 days ago,last month,-20%
127,"DeepStates [VR]
new historical low",19.96 SR,81.97%,in 8 days,4 hours ago,6 months ago,-20%
128,Nature And Life - Drunk On Nectar,31.49 SR,81.95%,in 12 days,9 days ago,5 years ago,-33%
129,Chionophile,1.51 SR,81.84%,in 14 days,4 hours ago,14 months ago,-45%
130,The logic of the miniature garden,6.58 SR,81.83%,in 13 days,yesterday,3 years ago,-70%
131,Dragonia,2.10 SR,81.80%,,,,-70%
132,"Natural Locomotion
lowest price is 13.17 SR at -40%",19.75 SR,81.80%,,,,-10%
133,"Cave Quest
lowest price is 5.97 SR at -50%",9.56 SR,81.69%,,,,-20%
134,"Volt Patrol - Stealth Driving
new historical low",8.36 SR,81.65%,,,,-30%
135,"Syberia II
lowest price is 0.00 SR at -100%",6.30 SR,81.64%,,,,-85%
136,UBERMOSH Vol.3,1.37 SR,81.63%,in 2 days,25 days ago,5 years ago,-50%
137,Colormeleons,1.51 SR,81.42%,in 10 days,4 days ago,2 years ago,-45%
138,"Dead by Daylight
lowest price is 22.40 SR at -60%",29.97 SR,81.36%,in 4 days,3 days ago,6 years ago,-50%
139,Seek Girl ‚Ö¢,1.65 SR,81.36%,in 14 days,14 hours ago,2 years ago,-40%
140,Mr. Prepper,26.21 SR,81.32%,in 14 days,4 hours ago,9 months ago,-25%
141,"Dungeon Slime 2: Puzzle in the Dark Forest
new historical low",3.04 SR,81.30%,in 12 days,2 days ago,8 months ago,-42%
142,"Train Sim World¬Æ 2
lowest price is 18.78 SR at -60%",32.86 SR,81.29%,in 5 days,2 days ago,16 months ago,-30%
143,Deep Despair 2,12.76 SR,81.29%,in 12 days,2 days ago,2 months ago,-20%
144,ÂÅáÂ¶ÇÊàëÊòØ‰∫∫Â∑•Êô∫ËÉΩ Big Brother Is Shaping You,6.06 SR,81.12%,in 12 days,9 days ago,3 years ago,-39%
145,Blacksad: Under the Skin,11.99 SR,81.08%,in 5 days,2 days ago,2 years ago,-80%
146,Razortron 2000,1.37 SR,81.07%,in 12 days,9 days ago,5 years ago,-50%
147,"Time Warpers
lowest price is 8.73 SR at -75%",11.88 SR,81.06%,in 12 days,2 days ago,2 years ago,-66%
148,"Xeno Crisis
new historical low",17.47 SR,81.04%,in 3 days,6 days ago,2 years ago,-50%
149,Gnomes Garden: Christmas Story,2.99 SR,81.03%,in 3 days,4 days ago,3 years ago,-90%
150,"Cube Destroyer
lowest price is 0.85 SR at -83%",1.37 SR,81.03%,in 12 days,2 days ago,6 years ago,-50%
151,Magic of Autumn,3.97 SR,81.03%,in 14 days,4 hours ago,2 years ago,-50%
152,Kotel Ne Gori: A Friend of Lena Boots,1.37 SR,81.00%,in 12 days,9 days ago,15 months ago,-50%
153,"They Bleed Pixels
lowest price is 6.60 SR at -80%",8.25 SR,80.93%,,,,-75%
154,"Pianistic
lowest price is 1.43 SR at -88%",2.39 SR,80.75%,,,,-80%
155,"Legend of Chilli Tree
new historical low",5.04 SR,80.72%,,,,-77%
156,Overcrowd: A Commute 'Em Up,17.47 SR,80.72%,in 14 days,4 hours ago,14 months ago,-50%
157,"Blackout Z: Slaughterhouse Edition
lowest price is 0.00 SR at -100%",1.37 SR,80.60%,in 12 days,9 days ago,4 years ago,-50%
158,Mr Husky,1.57 SR,80.47%,in 13 days,yesterday,2 years ago,-70%
159,"Seek Girl:Fog ‚Ö†
lowest price is 7.95 SR at -0%",8.45 SR,80.45%,in 14 days,14 hours ago,15 months ago,-15%
160,PGA TOUR 2K21,74.25 SR,80.43%,in 13 days,21 hours ago,16 months ago,-67%
161,"Hide and Run
new historical low",3.97 SR,80.40%,in 14 days,4 hours ago,6 months ago,-50%
162,"METAL DOGS
lowest price is 29.35 SR at -16%",29.36 SR,80.39%,in 9 days,19 hours ago,3 months ago,-16%
163,Trip to Vinelands,1.37 SR,80.32%,in 2 days,25 days ago,5 years ago,-50%
164,"Summer Meetings
lowest price is 2.19 SR at -90%",2.99 SR,80.29%,in 14 days,4 hours ago,2 years ago,-90%
165,Exertus,1.41 SR,80.24%,in 12 days,9 days ago,2 years ago,-73%
166,"Recon Control
new historical low",16.46 SR,80.02%,in 14 days,4 hours ago,last month,-25%
167,ADVERSE,4.88 SR,79.89%,in 12 days,9 days ago,11 months ago,-65%
168,DOOMER'S ADVENTURE,1.51 SR,79.83%,in 5 hours,14 days ago,6 months ago,-45%
169,Buddy and Lucky Solitaire,4.77 SR,79.83%,in 3 days,4 days ago,5 months ago,-40%
170,"NEKOKORO
lowest price is 1.43 SR at -88%",2.99 SR,79.76%,in 14 days,4 hours ago,3 years ago,-90%
171,"Mech Armada
new historical low",23.96 SR,79.74%,in 14 days,4 hours ago,4 months ago,-20%
172,Inertia,1.37 SR,79.73%,in 12 days,9 days ago,4 years ago,-50%
173,My Harem,1.37 SR,79.71%,,,,-50%
174,"Seek Girl ‚Ö°
lowest price is 1.37 SR at -50%",1.65 SR,79.35%,,,,-40%
175,"Lost
lowest price is 3.41 SR at -35%",4.20 SR,79.24%,,,,-20%
176,Neofeud,8.98 SR,79.07%,,,,-70%
177,"Courage for a Kiss
lowest price is 2.19 SR at -90%",3.49 SR,79.04%,,,,-90%
178,"No Plan B
new historical low",26.95 SR,78.99%,in 5 days,2 days ago,3 days ago,-10%
179,Evil Tonight,26.95 SR,78.93%,in 13 days,yesterday,2 months ago,-10%
180,"Brukel
lowest price is 1.43 SR at -88%",2.39 SR,78.78%,in 2 days,12 days ago,2 years ago,-80%
181,UBERMOSH:BLACK,1.37 SR,78.77%,in 2 days,25 days ago,6 years ago,-50%
182,"Mini Words: Polyglot
lowest price is 2.62 SR at -50%",3.67 SR,78.74%,in 3 days,4 days ago,9 months ago,-30%
183,"Boiling Steel
lowest price is 8.98 SR at -70%",11.98 SR,78.70%,in 13 days,yesterday,2 years ago,-60%
184,Root Letter Last Answer,6.57 SR,78.68%,in 14 days,2 hours ago,2 years ago,-86%
185,Chupa Chupa VR,19.16 SR,78.65%,in 11 days,9 days ago,16 months ago,-20%
186,My 1/6 Lover,2.10 SR,78.57%,in 13 days,yesterday,3 years ago,-60%
187,Seek Girl,1.65 SR,78.44%,in 14 days,14 hours ago,3 years ago,-40%
188,ÂºÇÂèòÊàòÂå∫ E.E.R.I.E,14.97 SR,78.40%,in 14 days,4 hours ago,6 months ago,-50%
189,Blue Fire,17.47 SR,78.33%,in 13 days,yesterday,10 months ago,-50%
190,ÁêÉÁêÉÂ∞ëÂ•≥/Pinball Girls,6.46 SR,78.31%,in 12 days,9 days ago,10 months ago,-35%
191,"Demon heart
lowest price is 2.39 SR at -80%",4.18 SR,78.30%,in 7 days,7 days ago,12 months ago,-65%
192,"Potato Party: Hash It Out
lowest price is 13.46 SR at -25%",17.56 SR,78.30%,in 6 days,8 days ago,9 days ago,-20%
193,Rebirth:Mr Wang,7.46 SR,78.22%,in 14 days,14 hours ago,14 months ago,-25%
194,Bird,1.37 SR,78.21%,in 11 days,9 days ago,10 months ago,-50%
195,"Fleet Command
lowest price is 4.95 SR at -85%",6.60 SR,78.17%,,,,-80%
196,"Jake's Love Story
lowest price is 1.43 SR at -82%",2.19 SR,78.13%,,,,-90%
197,"Hearthlands
lowest price is 13.98 SR at -60%",17.47 SR,78.11%,,,,-50%
198,Chess Valley,1.37 SR,78.11%,,,,-50%
199,"The Last Haven
lowest price is 20.97 SR at -40%",22.71 SR,78.06%,,,,-35%
200,KumaKuma Manga Editor,5.58 SR,77.99%,in 13 days,yesterday,3 years ago,-60%
201,"Abda Redeemer: Space alien invasion
new historical low",8.36 SR,77.87%,in 6 days,8 days ago,last month,-30%
202,"Shinobi Shift
new historical low",6.96 SR,77.87%,in 11 days,9 days ago,2 months ago,-30%
203,Shutter Nyang,20.96 SR,77.77%,in 12 days,9 days ago,9 months ago,-30%
204,Ballway,1.37 SR,77.65%,in 12 days,2 days ago,4 years ago,-50%
205,Endless Jade Sea -Midori no Umi-,2.10 SR,77.64%,in 13 days,yesterday,3 years ago,-60%
206,"Fortissimo FA
lowest price is 4.39 SR at -80%",6.58 SR,77.63%,in 13 days,yesterday,4 years ago,-70%
207,TTV3,1.37 SR,77.52%,in 2 days,25 days ago,2 years ago,-50%
208,Demonic Blade,2.19 SR,77.41%,in 14 days,4 hours ago,2 years ago,-90%
209,Peaceful Gunner,1.37 SR,77.41%,in 11 days,9 days ago,10 months ago,-50%
210,Sky Goddess ‚Ö°,5.47 SR,77.41%,in 12 days,9 days ago,8 months ago,-45%
211,"Butterfly
lowest price is 1.41 SR at -73%",1.43 SR,77.40%,in 13 days,yesterday,3 years ago,-88%
212,"!""DEPLOYMENT""!
lowest price is 1.59 SR at -90%",3.79 SR,77.29%,in 12 days,9 days ago,4 years ago,-90%
213,"Big Tower Tiny Square
lowest price is 1.37 SR at -50%",1.65 SR,77.24%,in 3 days,11 days ago,4 years ago,-40%
214,"Tank Warfare: Tunisia 1943
lowest price is 10.40 SR at -90%",20.80 SR,77.19%,in 13 days,yesterday,5 years ago,-80%
215,Cute Dark Elves,1.37 SR,77.09%,in 12 days,2 days ago,7 months ago,-50%
216,"Soulstopia -PHI-
lowest price is 4.77 SR at -40%",6.36 SR,77.00%,in 12 days,2 days ago,2 months ago,-20%
217,Crown of the Empire,1.43 SR,76.90%,,,,-88%
218,TRF - The Race Factory,5.97 SR,76.90%,,,,-50%
219,"UPH!
new historical low",1.37 SR,76.90%,,,,-50%
220,"SOMETHING
new historical low",9.56 SR,76.90%,,,,-20%
221,"Space Empires IV Deluxe
lowest price is 3.30 SR at -90%",11.20 SR,76.64%,,,,-80%
222,‚àöLetter - Root Letter -,7.28 SR,76.38%,in 14 days,2 hours ago,5 years ago,-87%
223,"Taboos: Cracks
lowest price is 1.37 SR at -50%",1.65 SR,76.25%,in 14 days,14 hours ago,3 years ago,-40%
224,"URUZ ""Return of The Er Kishi""
new historical low",5.69 SR,76.19%,in 11 days,3 days ago,14 months ago,-70%
225,"aMAZE
lowest price is 1.37 SR at -66%",1.40 SR,76.16%,in 13 days,yesterday,5 years ago,-65%
226,Mirror Maker,2.62 SR,76.14%,in 13 days,yesterday,3 years ago,-50%
227,Get Out! Snakes!,1.37 SR,76.13%,in 3 days,11 days ago,14 months ago,-50%
228,"Bad Dream: Stories
new historical low",9.56 SR,76.13%,in 12 days,2 days ago,2 months ago,-20%
229,"Super Star
lowest price is 1.75 SR at -75%",2.10 SR,76.06%,in 13 days,yesterday,5 years ago,-70%
230,TinShift,10.97 SR,75.99%,in 13 days,yesterday,6 months ago,-50%
231,Hentai Killer,1.38 SR,75.98%,in 12 days,9 days ago,2 years ago,-49%
232,Seek Girl ‚Ö•,3.67 SR,75.95%,in 14 days,4 hours ago,14 months ago,-30%
233,ÂçïË∫´ÁãóÁöÑÊúÄÂêéÊú∫‰ºö,1.37 SR,75.77%,in 7 days,7 days ago,8 months ago,-50%
234,My Silly Life,1.37 SR,75.77%,in 12 days,9 days ago,16 months ago,-50%
235,"Rubber Bandits
new historical low",31.45 SR,75.74%,in 6 days,yesterday,2 days ago,-10%
236,Mustache in Hell,1.37 SR,75.72%,in 14 days,4 hours ago,5 years ago,-50%
237,"TatuBall: A Minimalist LoFi Puzzle
new historical low",3.67 SR,75.71%,in 5 days,9 days ago,2 months ago,-30%
238,"Êú´Êó•Á´üÂú®ÊàëË∫´Ëæπ2 - Zombies Everywhere 2
new historical low",10.46 SR,75.71%,in 20 hours,13 days ago,2 months ago,-25%
239,"// OVERDRIVE
new historical low",6.36 SR,75.71%,,,,-20%
240,Asterix & Obelix XXL 2,7.04 SR,75.67%,,,,-85%
241,"Oracle Trials
lowest price is 3.81 SR at -52%",3.97 SR,75.64%,,,,-50%
242,Tavern of Gods,19.84 SR,75.63%,,,,-29%
243,Candle,2.99 SR,75.59%,,,,-90%
244,"Hot Vacation
new historical low",1.87 SR,75.53%,in 13 days,yesterday,2 months ago,-32%
245,"The Ascent
new historical low",84.42 SR,75.51%,in 13 days,yesterday,4 months ago,-33%
246,"Romancing SaGa 3‚Ñ¢
new historical low",32.70 SR,75.34%,in 6 days,7 days ago,2 years ago,-70%
247,Agatha Christie - Hercule Poirot: The First Cases,36.76 SR,75.29%,in 5 days,2 days ago,2 months ago,-20%
248,Lovely Warriors,1.37 SR,75.24%,in 12 days,9 days ago,11 months ago,-50%
249,aMAZE Classic,1.37 SR,75.14%,in 13 days,yesterday,4 years ago,-50%
250,"The Shapeshifting Detective
lowest price is 13.47 SR at -50%",16.17 SR,75.11%,in 12 days,2 days ago,3 years ago,-40%
251,Blocky McBlockFace,1.37 SR,75.00%,in 20 hours,6 days ago,3 years ago,-50%
252,"Herder
new historical low",7.17 SR,75.00%,in 8 days,6 days ago,4 months ago,-40%
253,"Underwater World
new historical low",1.65 SR,75.00%,in 7 days,3 hours ago,22 hours ago,-40%
254,Wildlife Match,12.76 SR,75.00%,in 13 days,yesterday,5 months ago,-20%
255,Soccering,1.37 SR,74.99%,in 6 days,8 days ago,16 months ago,-49%
256,"Floor is Lava
new historical low",25.45 SR,74.99%,in 3 days,4 days ago,5 days ago,-15%
257,STRAY KITTEN,1.37 SR,74.98%,in 14 days,4 hours ago,10 months ago,-50%
258,Capitalism Plus,10.50 SR,74.76%,in 12 days,9 days ago,27 years ago,-50%
259,Meatball,1.37 SR,74.76%,in 7 days,4 hours ago,12 months ago,-50%
260,Dandara: Trials of Fear Edition,6.88 SR,74.75%,in 5 days,4 hours ago,4 years ago,-77%
261,"Gachi Bird
new historical low",1.65 SR,74.63%,,,,-40%
262,TinyShot,8.78 SR,74.51%,,,,-60%
263,"Override: Mech City Brawl
lowest price is 4.69 SR at -90%",8.73 SR,74.46%,,,,-75%
264,Among Ass 2: Butt Warfare,3.15 SR,74.44%,,,,-40%
265,"Êú´Êó•Á´üÂú®ÊàëË∫´Ëæπ - Zombies Everywhere
lowest price is 1.65 SR at -40%",3.97 SR,74.40%,in 12 days,9 days ago,10 months ago,-50%
266,Death Jump,1.41 SR,74.37%,in 12 days,9 days ago,3 years ago,-73%
267,Living together with Fox Demon,21.56 SR,74.33%,in 11 days,9 days ago,4 months ago,-20%
268,Cute Nurses,1.37 SR,74.19%,in 12 days,9 days ago,2 months ago,-50%
269,WIN THE GAME: WTF!,1.37 SR,74.16%,in 12 days,9 days ago,4 years ago,-50%
270,Flashback,2.19 SR,74.09%,in 5 days,2 days ago,3 years ago,-90%
271,Lawnmower Game: Battle,1.41 SR,74.03%,in 12 days,2 days ago,2 months ago,-73%
272,Thanksgiving Day Mosaic,1.43 SR,73.89%,in 3 days,4 days ago,3 years ago,-88%
273,Choco Pixel 2,1.41 SR,73.89%,in 13 days,yesterday,2 years ago,-73%
274,Alpha Runner,1.40 SR,73.89%,in 10 days,4 days ago,6 years ago,-65%
275,Vairon's Wrath,21.00 SR,73.89%,in 14 days,4 hours ago,6 years ago,-50%
276,Cursed Dungeon,1.37 SR,73.89%,in 14 days,4 hours ago,2 months ago,-50%
277,"Iron Sea Defenders
lowest price is 1.37 SR at -89%",1.43 SR,73.85%,in 3 days,4 days ago,5 years ago,-88%
278,"Dofamine
new historical low",9.58 SR,73.84%,in 13 days,yesterday,13 months ago,-68%
279,"GROOD
lowest price is 1.43 SR at -88%",2.39 SR,73.63%,in 13 days,yesterday,4 years ago,-80%
280,USAGIRI,2.19 SR,73.57%,in 14 days,4 hours ago,2 years ago,-90%
281,"New York Mysteries: The Outbreak
new historical low",7.97 SR,73.57%,in 13 days,yesterday,2 years ago,-50%
282,"Sweet Surrender VR
new historical low",35.95 SR,73.57%,,,,-10%
283,Cions of Vega,5.97 SR,73.56%,,,,-40%
284,Distant Space,1.37 SR,73.45%,,,,-50%
285,Dragon Knight,4.20 SR,73.41%,,,,-70%
286,Tank Destroyer,1.37 SR,73.37%,,,,-50%
287,Decay: The Mare,2.30 SR,73.30%,in 13 days,yesterday,7 years ago,-90%
288,Human Origin,1.37 SR,73.27%,in 11 days,9 days ago,2 years ago,-50%
289,1001 Jigsaw. Ice Age,1.43 SR,73.26%,in 3 days,4 days ago,2 years ago,-88%
290,Smart Moves,2.39 SR,73.26%,in 13 days,yesterday,2 years ago,-80%
291,"Raccoon Arrival
new historical low",3.59 SR,73.26%,in 11 days,3 days ago,2 months ago,-80%
292,Slime Story,1.37 SR,73.26%,in 12 days,9 days ago,5 months ago,-50%
293,"Castle on the Coast
new historical low",31.45 SR,73.26%,in 6 days,yesterday,2 days ago,-10%
294,"Cubstacle
new historical low",4.72 SR,73.26%,in 6 days,yesterday,2 days ago,-10%
295,Artificial Extinction,13.97 SR,73.06%,in 14 days,4 hours ago,2 years ago,-50%
296,Atomic Girls,1.37 SR,72.84%,in 12 days,9 days ago,11 months ago,-50%
297,The Dark Inside Me - Chapter II,14.97 SR,72.76%,in 10 days,4 days ago,6 months ago,-50%
298,Fractal Alchemist,17.47 SR,72.76%,in 12 days,2 days ago,2 years ago,-50%
299,"Last Village
new historical low",6.36 SR,72.75%,in 12 days,2 days ago,4 months ago,-71%
300,"My Furry Dictator üêæ
new historical low",6.96 SR,72.75%,in 7 days,9 days ago,2 months ago,-30%
301,"Fishing Sim World¬Æ: Pro Tour
lowest price is 13.98 SR at -60%",19.97 SR,72.69%,in 5 days,2 days ago,3 years ago,-50%
302,"Mirror Party
new historical low",3.15 SR,72.67%,in 6 days,20 hours ago,2 days ago,-40%
303,Rebel! Pure love fighters!,10.36 SR,72.61%,in 12 days,9 days ago,2 months ago,-35%
304,Distant Space 2,1.37 SR,72.47%,,,,-50%
305,Leaf Tree,1.92 SR,72.42%,,,,-30%
306,Allura: The Three Realms,10.46 SR,72.42%,,,,-25%
307,PUZZLE: CATS & DOGS,1.41 SR,72.28%,,,,-73%
308,Cyberpunk Madness,1.37 SR,72.28%,,,,-50%
309,"SaGa SCARLET GRACE: AMBITIONS‚Ñ¢
new historical low",34.50 SR,72.26%,in 6 days,7 days ago,3 years ago,-70%
310,"Seek Girl ‚Ö£
lowest price is 1.65 SR at -40%",1.92 SR,72.25%,in 14 days,14 hours ago,2 years ago,-30%
311,Hentai Killer: Girls & Chess,1.38 SR,72.24%,in 12 days,9 days ago,6 months ago,-49%
312,"Moving Letters
lowest price is 1.57 SR at -70%",1.99 SR,72.22%,in 12 days,2 days ago,14 months ago,-62%
313,"Dark Chronicles: The Soul Reaver
lowest price is 10.46 SR at -25%",11.16 SR,72.21%,in 14 days,4 hours ago,8 months ago,-20%
314,Slender Hentai Edition,1.37 SR,72.20%,in 11 days,3 days ago,10 months ago,-50%
315,Mystery Solitaire The Arkham Spirits,1.43 SR,72.17%,in 3 days,4 days ago,2 years ago,-88%
316,Asian Riddles 4,1.43 SR,72.17%,in 3 days,4 days ago,10 months ago,-88%
317,Jane Angel 2: Fallen Heaven,10.68 SR,72.17%,in 12 days,2 days ago,11 months ago,-33%
318,"Minesweeper NG
new historical low",8.96 SR,72.17%,in 4 days,3 days ago,4 days ago,-25%
319,"Cookie Store
lowest price is 6.98 SR at -75%",22.36 SR,72.17%,in 14 days,4 hours ago,13 months ago,-20%
320,"Tied by your Red
new historical low",8.45 SR,72.17%,in 2 days,6 days ago,6 days ago,-15%
321,"Gardenia
new historical low",21.55 SR,72.17%,in 7 days,6 hours ago,22 hours ago,-10%
322,Lucid Cycle,5.97 SR,72.09%,in 14 days,4 hours ago,10 months ago,-40%
323,"GOD WARS The Complete Legend
new historical low",14.08 SR,72.05%,in 14 days,2 hours ago,3 years ago,-70%
324,Save Their Souls,1.37 SR,72.05%,in 11 days,9 days ago,5 years ago,-50%
325,"Fragmented Mind
new historical low",2.10 SR,71.94%,in 11 days,yesterday,10 months ago,-60%
326,"Horny Girl Hentai Puzzle
new historical low",1.92 SR,71.85%,,,,-30%
327,XCOM¬Æ: Chimera Squad,29.40 SR,71.81%,,,,-65%
328,"È≠îÂ•≥ÁßòËçØÔºàwitch elixirÔºâ
new historical low",10.97 SR,71.66%,,,,-50%
329,Megacraft Hentai Survival,1.37 SR,71.66%,,,,-50%
330,Take That,2.48 SR,71.62%,,,,-75%
331,Seek Girl ‚Ö¶,4.20 SR,71.62%,in 14 days,14 hours ago,12 months ago,-20%
332,"Bomb Bowling
lowest price is 1.37 SR at -50%",1.43 SR,71.55%,in 13 days,yesterday,2 years ago,-88%
333,"Forest adventure
new historical low",1.51 SR,71.55%,in 9 days,5 days ago,2 months ago,-45%
334,"Paper Shakespeare: To Date Or Not To Date?
lowest price is 15.00 SR at -50%",22.50 SR,71.55%,in 12 days,2 days ago,4 years ago,-25%
335,"Furry Shakespeare: To Date Or Not To Date Cat Girls?
lowest price is 16.55 SR at -17%",16.95 SR,71.55%,in 12 days,9 days ago,3 years ago,-15%
336,"Dangerous Waters
lowest price is 4.70 SR at -90%",9.40 SR,71.54%,in 13 days,yesterday,16 years ago,-80%
337,Mystery Solitaire The Black Raven,1.43 SR,71.52%,in 3 days,4 days ago,3 years ago,-88%
338,Smart Thief,1.40 SR,71.48%,in 7 days,9 days ago,12 months ago,-64%
339,Iron Danger,9.79 SR,71.34%,in 13 days,yesterday,2 years ago,-80%
340,What Makes Us Special,2.69 SR,71.25%,in 14 days,4 hours ago,2 years ago,-90%
341,"Queen of Seas
lowest price is 1.37 SR at -66%",1.40 SR,71.22%,in 11 days,9 days ago,5 years ago,-65%
342,Woman's Prison,13.55 SR,71.08%,in 11 days,9 days ago,2 months ago,-15%
343,PUZZLE: LANDSCAPES,1.38 SR,70.99%,in 12 days,9 days ago,3 years ago,-49%
344,"Heaven & Hell
lowest price is 1.40 SR at -86%",7.50 SR,70.99%,in 12 days,2 days ago,3 years ago,-25%
345,Killing Time,2.10 SR,70.89%,in 13 days,yesterday,4 years ago,-70%
346,"ShellBlast: Legacy Edition
lowest price is 1.99 SR at -80%",2.48 SR,70.84%,in 11 days,9 days ago,15 years ago,-75%
347,Droid Guier,2.38 SR,70.84%,,,,-70%
348,"Bananarun
new historical low",4.32 SR,70.84%,,,,-69%
349,Man of Honor,10.97 SR,70.84%,,,,-50%
350,"Spring and Girls
new historical low",1.37 SR,70.84%,,,,-50%
351,Marble Parkour 2: Roll and roll,1.41 SR,70.75%,in 12 days,9 days ago,4 months ago,-73%
352,Resident of Dimension,1.37 SR,70.75%,in 11 days,3 days ago,2 years ago,-50%
353,Miner Ultra Rag Smash,1.37 SR,70.68%,in 12 days,9 days ago,13 months ago,-50%
354,"ÂºÇ‰∏ñÁïåÊîªÁï•ÁªÑ Isekai Team
lowest price is 15.40 SR at -30%",16.50 SR,70.68%,in 7 days,4 hours ago,6 months ago,-25%
355,Marine Park Empire,6.00 SR,70.63%,in 12 days,9 days ago,18 years ago,-75%
356,The Suicide of Rachel Foster,6.99 SR,70.60%,in 13 days,2 days ago,2 years ago,-80%
357,"Rising Lords
lowest price is 26.21 SR at -25%",27.96 SR,70.60%,in 7 days,4 hours ago,2 years ago,-20%
358,"Treasure Hunter Man 2
new historical low",2.10 SR,70.57%,in 2 days,12 days ago,6 years ago,-60%
359,"Bunny Quest
lowest price is 2.48 SR at -75%",7.96 SR,70.57%,in 13 days,yesterday,2 years ago,-20%
360,"Kongfusion
lowest price is 11.95 SR at -0%",14.97 SR,70.48%,in 11 days,3 days ago,16 months ago,-50%
361,"Entwined: Strings of Deception
lowest price is 4.20 SR at -80%",16.80 SR,70.48%,in 12 days,2 days ago,10 years ago,-20%
362,Gold Rush: The Game,17.47 SR,70.40%,in 12 days,2 days ago,4 years ago,-50%
363,"Roads of Rome: New Generation
lowest price is 4.18 SR at -65%",5.97 SR,70.34%,in 6 days,yesterday,4 years ago,-50%
364,"Cute Girl 2
new historical low",1.37 SR,70.34%,in 14 days,4 hours ago,2 months ago,-50%
365,"VILLAGE THE SIBERIA
new historical low",7.46 SR,70.33%,in 3 days,5 days ago,5 days ago,-25%
366,Asterix & Obelix XXL: Romastered,18.78 SR,70.28%,in 5 days,2 days ago,14 months ago,-60%
367,Seven Bullets Zombie Apocalypse,1.37 SR,70.08%,in 12 days,9 days ago,3 years ago,-50%
368,"Sub Command
lowest price is 3.30 SR at -90%",6.60 SR,69.99%,,,,-80%
369,"Victory At Sea
lowest price is 10.50 SR at -85%",17.50 SR,69.98%,,,,-75%
370,"Victorian Mysteries: The Yellow Room
lowest price is 5.97 SR at -50%",10.15 SR,69.94%,,,,-15%
371,"Twin Mirror
new historical low",54.99 SR,69.91%,,,,-50%
372,Gaslamp Cases: The deadly Machine,10.46 SR,69.91%,,,,-25%
373,Cyber Rider,2.62 SR,69.80%,in 11 days,9 days ago,4 months ago,-50%
374,Reformers Intl Ver(ÂèòÈù©ËÄÖÂõΩÈôÖÁâà),1.57 SR,69.79%,in 13 days,yesterday,4 years ago,-70%
375,A Total War Saga: TROY,124.50 SR,69.73%,next month,9 days ago,3 months ago,-25%
376,"Luxor Solitaire
lowest price is 4.78 SR at -60%",8.96 SR,69.59%,in 14 days,4 hours ago,3 years ago,-25%
377,"Leenie Boog
new historical low",10.75 SR,69.59%,in 6 days,yesterday,2 days ago,-10%
378,ÊãØÊïëÂ§ßÈ≠îÁéãÈáçÁîü Falsemen: Demon Rebirth,1.37 SR,69.50%,in 11 days,9 days ago,3 years ago,-50%
379,"Cute Girl
new historical low",1.37 SR,69.46%,in 14 days,4 hours ago,2 months ago,-50%
380,Knight Solitaire,1.43 SR,69.44%,in 3 days,4 days ago,2 years ago,-88%
381,HENTAI CLIMBING,1.37 SR,69.44%,in 5 days,9 days ago,8 months ago,-50%
382,TravelRacer,1.65 SR,69.44%,in 12 days,9 days ago,9 months ago,-40%
383,"Raptor Territory
new historical low",22.45 SR,69.44%,in 4 days,3 days ago,4 days ago,-10%
384,"Rinlo
lowest price is 22.46 SR at -25%",25.45 SR,69.36%,in 12 days,9 days ago,14 months ago,-15%
385,Roman The Worm,1.41 SR,69.33%,in 7 days,4 hours ago,3 years ago,-73%
386,ÊñóÂú∞‰∏ªÂ∞ëÂ•≥/ Landlord Girls,5.37 SR,69.27%,in 12 days,9 days ago,17 months ago,-50%
387,"DARK MAGIC 2
new historical low",1.39 SR,69.20%,in 2 days,12 days ago,2 months ago,-86%
388,"Small Press Tycoon
new historical low",3.08 SR,69.20%,in 5 days,9 days ago,7 months ago,-69%
389,tia.sav,1.37 SR,69.20%,in 13 days,yesterday,2 years ago,-50%
390,"Ë∑≥Ë∑ÉÁªÉ‰π†Áîü/Jump Man
new historical low",2.62 SR,69.20%,,,,-50%
391,Cooks Girls,1.37 SR,69.20%,,,,-50%
392,"The Labyrinth of Greed
new historical low",16.17 SR,69.20%,,,,-40%
393,"PRIMAFLOOWS
new historical low",16.17 SR,69.20%,,,,-40%
394,"CoWorker
new historical low",16.46 SR,69.20%,in 5 days,2 days ago,3 days ago,-25%
395,"Chronicles of Tal'Dun: The Remainder - Act 2
new historical low",17.56 SR,69.20%,in 12 days,9 days ago,2 months ago,-20%
396,"Pretty Girls Rivers (Shisen-Sho)
new historical low",9.56 SR,69.20%,in 6 days,21 hours ago,2 days ago,-20%
397,"babyquick : Adventure of the Moon Dragon
new historical low",9.56 SR,69.20%,in 6 days,yesterday,2 days ago,-20%
398,"OverShoot Battle Race
new historical low",26.95 SR,69.20%,in 4 days,3 days ago,4 days ago,-10%
399,"Highrise Mogul
new historical low",19.75 SR,69.20%,in 6 days,yesterday,2 days ago,-10%
400,"They Look Like People
new historical low",10.75 SR,69.20%,in 3 days,5 days ago,5 days ago,-10%
401,"DarkHouse
new historical low",19.75 SR,69.20%,in 5 days,yesterday,3 days ago,-10%
402,Chocolate makes you happy 4,1.37 SR,69.06%,in 13 days,yesterday,4 years ago,-50%
403,"Fortissimo FA INTL Ver
lowest price is 3.15 SR at -40%",6.58 SR,69.04%,in 13 days,yesterday,3 years ago,-70%
404,MechDefender - Tower Defense,1.37 SR,69.04%,in 7 days,7 days ago,2 years ago,-50%
405,"Pranky Cat
lowest price is 1.37 SR at -50%",1.51 SR,69.00%,in 7 days,7 days ago,3 years ago,-45%
406,Paranoia: Deliver Me,2.10 SR,68.98%,in 13 days,yesterday,2 years ago,-60%
407,Flying Angel,5.47 SR,68.97%,in 12 days,9 days ago,9 months ago,-45%
408,"Biolum
new historical low",16.15 SR,68.97%,in 6 days,yesterday,2 days ago,-10%
409,"Micro Pico Racers
lowest price is 2.48 SR at -75%",4.97 SR,68.83%,in 12 days,4 hours ago,4 years ago,-50%
410,OUTBUDDIES DX,6.59 SR,68.80%,in 10 days,2 days ago,2 years ago,-80%
411,Fragile Box,1.37 SR,68.80%,in 7 days,7 days ago,2 years ago,-50%
412,Gachimuchi Life Simulator,3.15 SR,68.80%,,,,-40%
413,Let's Learn Japanese! Vocabulary,5.58 SR,68.75%,,,,-60%
414,"The Bureau: XCOM Declassified
lowest price is 11.20 SR at -80%",25.00 SR,68.73%,,,,-80%
415,"Giant Machines 2017
lowest price is 8.40 SR at -85%",11.20 SR,68.72%,,,,-80%
416,Angry Squirrel,1.37 SR,68.70%,in 14 days,4 hours ago,7 months ago,-50%
417,"Truberbrook / Tr√ºberbrook
lowest price is 9.39 SR at -80%",11.73 SR,68.67%,in 10 days,2 days ago,3 years ago,-75%
418,Chocolate makes you happy 3,1.37 SR,68.67%,in 13 days,yesterday,4 years ago,-50%
419,"Shelter Manager
new historical low",23.96 SR,68.64%,in 7 days,4 hours ago,22 hours ago,-20%
420,"The Oil Blue: Steam Legacy Edition
lowest price is 3.40 SR at -80%",4.25 SR,68.46%,in 11 days,9 days ago,12 years ago,-75%
421,"Arctico
lowest price is 6.60 SR at -80%",13.20 SR,68.34%,in 14 days,4 hours ago,7 years ago,-60%
422,"Make War
lowest price is 2.19 SR at -90%",6.58 SR,68.24%,in 13 days,yesterday,2 years ago,-70%
423,Chocolate makes you happy 5,1.37 SR,68.19%,in 13 days,yesterday,4 years ago,-50%
424,Heart Chain Kitty,8.78 SR,68.15%,in 2 days,12 days ago,3 years ago,-60%
425,Love Decision,21.55 SR,68.15%,in 14 days,4 hours ago,8 months ago,-10%
426,"Magic Farm 2: Fairy Lands (Premium Edition)
lowest price is 2.48 SR at -75%",7.46 SR,68.10%,in 12 days,2 days ago,3 years ago,-25%
427,Hentai Shooter 2: World Tour,1.37 SR,68.03%,in 12 days,9 days ago,3 years ago,-50%
428,"Time To Stop Time
new historical low",10.97 SR,68.02%,in 14 days,4 hours ago,13 months ago,-50%
429,"Goddess Of Card War
lowest price is 4.97 SR at -50%",5.47 SR,68.00%,in 12 days,9 days ago,9 months ago,-45%
430,Â≠ëÊ∏∏ÂàóÂõΩ,20.96 SR,68.00%,in 9 days,5 days ago,5 months ago,-30%
431,Japanese Puzzle,2.19 SR,67.93%,in 12 days,9 days ago,6 months ago,-90%
432,"Furry Lust
lowest price is 1.37 SR at -50%",1.51 SR,67.75%,in 7 days,2 days ago,6 months ago,-45%
433,"ÊäïËµÑÊ®°ÊãüÂô®ÔºöÊâìÂ∑•‰∫∫
new historical low",21.20 SR,67.74%,in 12 days,2 days ago,2 months ago,-15%
434,Viking Story,1.37 SR,67.59%,,,,-50%
435,"BORIS the Mutant Bear with a Gun
new historical low",1.37 SR,67.58%,,,,-50%
436,Seek Girl V,3.15 SR,67.43%,,,,-40%
437,Hacker Evolution Source Code,2.19 SR,67.40%,in 12 days,9 days ago,7 years ago,-90%
438,"Avalom: Ancestral Heroes
new historical low",19.77 SR,67.24%,in 13 days,yesterday,3 months ago,-40%
439,"Go All Out
lowest price is 2.48 SR at -75%",9.16 SR,67.18%,in 20 hours,6 days ago,3 years ago,-66%
440,Nephise,1.37 SR,67.15%,in 14 days,4 hours ago,5 years ago,-50%
441,"Battle Sad Boy
lowest price is 1.51 SR at -45%",2.19 SR,67.06%,in 13 days,yesterday,14 months ago,-90%
442,Holiday Mosaics Christmas Puzzles,1.43 SR,67.06%,in 3 days,4 days ago,2 years ago,-88%
443,"Dual Cars
lowest price is 1.37 SR at -50%",1.41 SR,67.06%,in 8 days,9 days ago,10 months ago,-73%
444,"Techno Tower Defense
lowest price is 1.43 SR at -82%",3.18 SR,67.06%,in 6 days,2 days ago,13 months ago,-60%
445,D.F.R.: The Light,2.62 SR,67.06%,in 12 days,2 days ago,4 years ago,-50%
446,PROJECT : KNIGHT‚Ñ¢,4.97 SR,67.06%,in 11 days,3 days ago,16 months ago,-50%
447,"Sleep and Girls
new historical low",1.37 SR,67.06%,in 12 days,9 days ago,last month,-50%
448,"Shadow –°ave
new historical low",16.17 SR,67.06%,in 4 days,3 days ago,4 days ago,-40%
449,"Faerie's Bargain: The Price of Business
new historical low",9.20 SR,67.06%,in 6 days,yesterday,2 days ago,-34%
450,"DESKTOP MONKEY
new historical low",7.96 SR,67.06%,in 6 days,yesterday,2 days ago,-20%
451,"Striving for Light
new historical low",15.25 SR,67.06%,in 3 days,4 days ago,5 days ago,-15%
452,"Bean and Nothingness
new historical low",21.20 SR,67.06%,in 5 days,2 days ago,3 days ago,-15%
453,"Breadbox
new historical low",33.95 SR,67.06%,in 20 hours,6 days ago,7 days ago,-15%
454,"Arrows
new historical low",2.33 SR,67.06%,in 4 days,3 days ago,4 days ago,-15%
455,Love of Dragons,21.55 SR,67.06%,,,,-10%
456,"Snake Pit
new historical low",4.72 SR,67.06%,,,,-10%
457,"Buy it now!
new historical low",4.98 SR,67.06%,,,,-5%
458,"Last Floor
lowest price is 4.18 SR at -65%",5.97 SR,67.02%,,,,-50%
459,"Princess Maira: Initiation
new historical low",5.80 SR,66.98%,in 10 days,4 hours ago,last month,-27%
460,"Headshot VR
lowest price is 5.48 SR at -75%",14.97 SR,66.88%,in 13 days,yesterday,17 months ago,-50%
461,"Book Series - Alice in Wonderland
lowest price is 4.25 SR at -75%",8.50 SR,66.78%,in 2 days,7 days ago,5 years ago,-50%
462,"Outbreak: The Nightmare Chronicles
lowest price is 2.39 SR at -80%",5.97 SR,66.78%,in 11 days,9 days ago,4 years ago,-50%
463,The Chosen Warriors,1.37 SR,66.77%,in 7 days,7 days ago,4 years ago,-50%
464,Traffic City,1.65 SR,66.76%,in 12 days,9 days ago,9 months ago,-40%
465,Meowhalla,6.36 SR,66.76%,in 5 days,9 days ago,2 years ago,-20%
466,"Artifact Hunter
lowest price is 9.76 SR at -30%",11.16 SR,66.76%,in 12 days,9 days ago,14 months ago,-20%
467,"Need for Drive - Open World Multiplayer Racing
new historical low",1.37 SR,66.66%,in 14 days,4 hours ago,10 months ago,-68%
468,Rainbow Pixel - Color by Number,1.43 SR,66.62%,in 3 days,4 days ago,2 years ago,-88%
469,stepbystep,1.43 SR,66.62%,in 12 days,9 days ago,3 years ago,-82%
470,"Cardaclysm
lowest price is 10.18 SR at -66%",11.98 SR,66.62%,in 10 days,2 days ago,9 months ago,-60%
471,"Crazy Eights 3D Premium
lowest price is 9.87 SR at -55%",10.97 SR,66.62%,in 6 days,yesterday,16 months ago,-50%
472,Dangerous Chris,1.51 SR,66.62%,in 10 days,4 days ago,9 months ago,-45%
473,Eternal Fantasy,6.58 SR,66.57%,in 13 days,yesterday,3 years ago,-70%
474,Mysteria ~Occult Shadows~,16.17 SR,66.53%,in 13 days,yesterday,14 months ago,-40%
475,"ANVIL
new historical low",35.95 SR,66.38%,in 5 days,2 days ago,3 days ago,-10%
476,"Space Empires V
lowest price is 4.70 SR at -90%",11.20 SR,66.37%,,,,-80%
477,"aMAZE Dark Times
lowest price is 1.37 SR at -66%",1.40 SR,66.32%,,,,-65%
478,"The far Kingdoms: Winter Solitaire
lowest price is 2.98 SR at -75%",5.97 SR,66.27%,,,,-50%
479,"Greed 2: Forbidden Experiments
lowest price is 6.60 SR at -40%",11.16 SR,66.27%,,,,-20%
480,Otaku's Fantasy 2,1.57 SR,65.94%,in 13 days,yesterday,4 years ago,-70%
481,Aether Field,2.19 SR,65.93%,in 14 days,4 hours ago,2 years ago,-90%
482,"The Ancient Labyrinth
lowest price is 1.99 SR at -80%",2.48 SR,65.93%,in 13 days,yesterday,2 years ago,-75%
483,"Tennis Arcade VR
lowest price is 6.58 SR at -70%",8.78 SR,65.93%,in 5 days,9 days ago,3 years ago,-60%
484,"The Far Kingdoms: Sacred Grove Solitaire
lowest price is 2.98 SR at -75%",5.97 SR,65.93%,in 14 days,4 hours ago,3 years ago,-50%
485,Sex Apocalypse,3.15 SR,65.93%,in 14 days,4 hours ago,16 months ago,-40%
486,"7 Roses - A Darkness Rises
lowest price is 8.36 SR at -30%",10.46 SR,65.86%,in 12 days,2 days ago,16 months ago,-25%
487,"Â¢ÉÁïå Dice&Fighter
lowest price is 1.99 SR at -80%",6.96 SR,65.63%,in 5 days,9 days ago,2 years ago,-30%
488,aMAZE Gears,1.37 SR,65.58%,in 13 days,yesterday,4 years ago,-50%
489,Blacksmith Run,1.37 SR,65.51%,in 12 days,9 days ago,3 years ago,-50%
490,MyHouseMyRules,2.38 SR,65.42%,in 6 days,2 days ago,9 months ago,-70%
491,Kawaii Girls,1.37 SR,65.42%,in 12 days,9 days ago,4 months ago,-50%
492,PUZZLE: OCEAN,1.38 SR,65.42%,in 12 days,9 days ago,3 years ago,-49%
493,Climb Fall Human Guys,1.65 SR,65.42%,in 12 days,9 days ago,10 months ago,-40%
494,"The Wasteland Trucker
new historical low",22.45 SR,65.42%,in 5 days,2 days ago,3 days ago,-10%
495,Lost Artifacts: Time Machine,2.99 SR,65.38%,in 3 days,4 days ago,3 years ago,-90%
496,"Fishing Sim World: Bass Pro Shops Edition
lowest price is 26.97 SR at -55%",29.97 SR,65.38%,in 5 days,2 days ago,13 months ago,-50%
497,Control Craft 2,1.37 SR,65.30%,in 5 days,9 days ago,6 years ago,-50%
498,Picross Bonbon - Nonogram,1.43 SR,65.17%,,,,-88%
499,"WIN THE GAME!
lowest price is 1.37 SR at -50%",1.38 SR,65.15%,,,,-49%
500,Adventure of Bears,1.37 SR,65.03%,,,,-50%
501,"Super Army of Tentacles 3: The Search for Army of Tentacles 2
lowest price is 13.65 SR at -61%",22.75 SR,65.00%,,,,-35%
502,Chronicle of Daneya,4.48 SR,64.78%,in 12 days,9 days ago,2 years ago,-75%
503,Skeleton Wave,1.37 SR,64.78%,in 7 days,4 hours ago,7 months ago,-50%
504,"–ò—Å—Ç–æ—Ä–∏—è –±–æ–º–∂–∞ 2: –ø–æ–ª–∏—Ü–µ–π—Å–∫–∏–π –±–µ—Å–ø—Ä–µ–¥–µ–ª
new historical low",1.51 SR,64.78%,in 5 days,9 days ago,2 months ago,-45%
505,"Void -Dementia-
new historical low",26.95 SR,64.78%,in 3 days,4 days ago,5 days ago,-10%
506,"ËÆ∞ÂøÜÈáçÁé∞/Rememory
lowest price is 3.58 SR at -70%",5.97 SR,64.71%,in 7 days,7 days ago,2 years ago,-50%
507,Confessions,6.36 SR,64.52%,in 12 days,9 days ago,4 months ago,-20%
508,"The Catch: Carp & Coarse Fishing
lowest price is 12.49 SR at -50%",30.51 SR,64.48%,in 5 days,2 days ago,17 months ago,-35%
509,"Santa's Big Adventures
lowest price is 1.56 SR at -61%",1.96 SR,64.40%,in 12 days,2 days ago,5 years ago,-51%
510,"Dino Zoo Transport Simulator
lowest price is 1.37 SR at -68%",1.40 SR,64.32%,in 13 days,yesterday,2 years ago,-67%
511,BomberZone,1.37 SR,64.25%,in 12 days,9 days ago,6 years ago,-50%
512,Night Sing,4.18 SR,64.20%,in 13 days,yesterday,2 years ago,-70%
513,"Pixel Ninja
lowest price is 1.37 SR at -50%",1.79 SR,64.08%,in 10 days,yesterday,16 months ago,-90%
514,Solitaire Jack Frost Winter Adventures 2,1.43 SR,64.08%,in 3 days,4 days ago,7 months ago,-88%
515,"Neon Blast
lowest price is 1.37 SR at -50%",2.39 SR,64.08%,in 6 days,8 days ago,3 years ago,-80%
516,"greenTech+ Legacy Edition
lowest price is 1.99 SR at -80%",2.48 SR,64.08%,in 11 days,9 days ago,12 years ago,-75%
517,Space Squadron,1.41 SR,64.08%,in 11 days,9 days ago,13 months ago,-73%
518,Space Force Squadron,1.37 SR,64.08%,in 12 days,2 days ago,14 months ago,-50%
519,Bullet Time,1.37 SR,64.08%,in 8 days,9 days ago,10 months ago,-50%
520,"Killer Gin Battle Arcade
new historical low",10.97 SR,64.08%,,,,-50%
521,"Heavenly Hammer
new historical low",1.37 SR,64.08%,,,,-50%
522,"Farm and Girls
new historical low",1.37 SR,64.08%,,,,-50%
523,Dark Running,1.65 SR,64.08%,,,,-40%
524,"2DTo3DModelEditor
lowest price is 10.97 SR at -50%",13.17 SR,64.08%,in 13 days,yesterday,2 years ago,-40%
525,"Recycle My World
lowest price is 5.97 SR at -50%",7.17 SR,64.08%,in 2 days,8 days ago,12 months ago,-40%
526,"Mushroom Hunter
new historical low",16.17 SR,64.08%,in 4 days,3 days ago,4 days ago,-40%
527,"Herbis
lowest price is 1.65 SR at -40%",1.92 SR,64.08%,in 4 days,3 days ago,8 months ago,-30%
528,"Jack and the Beanstalk Jigsaw Puzzle
new historical low",3.67 SR,64.08%,in 2 days,5 days ago,8 days ago,-30%
529,"ShootOut(SystemD)
new historical low",20.21 SR,64.08%,in 2 days,12 days ago,2 months ago,-25%
530,"PAGO FOREST: DRAGON'S REVENGE
lowest price is 2.49 SR at -90%",11.16 SR,64.08%,in 3 days,11 days ago,13 months ago,-20%
531,"Madness Beverage
new historical low",25.45 SR,64.08%,in 4 days,3 days ago,4 days ago,-15%
532,"BOXNIGMA
new historical low",2.33 SR,64.08%,in 4 days,3 days ago,4 days ago,-15%
533,"DelayedSun
new historical low",10.75 SR,64.08%,in 6 days,20 hours ago,2 days ago,-10%
534,"Elfin Clay
new historical low",28.75 SR,64.08%,in 6 days,22 hours ago,2 days ago,-10%
535,"Across the Galaxy: Stellar Dominator
new historical low",19.75 SR,64.08%,in 6 days,yesterday,2 days ago,-10%
536,Girls and Dragons,1.37 SR,64.07%,in 12 days,9 days ago,8 months ago,-50%
537,"Canasta 3D Premium
lowest price is 13.17 SR at -40%",17.97 SR,64.06%,in 13 days,yesterday,3 years ago,-40%
538,"Outbreak: The New Nightmare
lowest price is 4.04 SR at -85%",13.47 SR,63.96%,in 11 days,9 days ago,4 years ago,-50%
539,Chess Valley 2,1.37 SR,63.89%,in 13 days,yesterday,6 months ago,-50%
540,"Regenesis Arcade
lowest price is 1.79 SR at -90%",8.07 SR,63.88%,in 6 days,8 days ago,3 years ago,-55%
541,"RollingSky
lowest price is 7.18 SR at -70%",11.97 SR,63.83%,,,,-50%
542,"Windscape
lowest price is 6.99 SR at -80%",8.73 SR,63.74%,,,,-75%
543,"Bro, where's My head???
new historical low",1.99 SR,63.58%,,,,-80%
544,"Rescue your chickens
lowest price is 1.56 SR at -61%",1.96 SR,63.54%,,,,-51%
545,"Whiskey.Mafia. Leo's Family
lowest price is 2.38 SR at -70%",4.37 SR,63.43%,in 7 days,7 days ago,2 years ago,-45%
546,"Project Lounge
lowest price is 2.19 SR at -90%",2.49 SR,63.41%,in 12 days,2 days ago,5 months ago,-90%
547,"Osozaki ÈÅÖÂí≤„Åç Late Blooming - First
lowest price is 8.25 SR at -75%",16.50 SR,63.41%,in 2 days,7 days ago,6 years ago,-50%
548,Dehumanized,2.10 SR,63.32%,in 13 days,yesterday,3 years ago,-60%
549,The Dark Inside Me,8.97 SR,63.13%,in 10 days,4 days ago,4 years ago,-50%
550,PhotoWorld,2.19 SR,63.06%,in 12 days,9 days ago,13 months ago,-90%
551,Underwater Life,2.19 SR,63.06%,in 12 days,9 days ago,8 months ago,-90%
552,"Struggle Offensive
new historical low",1.41 SR,63.04%,in 13 days,yesterday,13 months ago,-73%
553,The Other Side Of The Screen,1.43 SR,62.98%,in 13 days,yesterday,4 years ago,-88%
554,"Outbreak: Lost Hope
lowest price is 4.39 SR at -80%",10.97 SR,62.98%,in 11 days,9 days ago,3 years ago,-50%
555,Farm Day 2021,1.41 SR,62.90%,in 7 days,9 days ago,13 months ago,-73%
556,Prank!,1.37 SR,62.90%,in 14 days,4 hours ago,4 months ago,-50%
557,"World's End Club
new historical low",32.86 SR,62.90%,in 4 days,3 days ago,4 days ago,-30%
558,Hacker Evolution,1.37 SR,62.82%,in 12 days,9 days ago,11 years ago,-50%
559,Crystals of Time,1.37 SR,62.82%,in 12 days,9 days ago,8 years ago,-50%
560,"HERO DEFENSE
lowest price is 4.69 SR at -90%",9.39 SR,62.77%,in 10 days,2 days ago,6 years ago,-80%
561,"Diesel Brothers: Truck Building Simulator
lowest price is 5.24 SR at -85%",6.99 SR,62.63%,in 12 days,2 days ago,3 years ago,-80%
562,"Rage Jump
lowest price is 1.41 SR at -73%",1.43 SR,62.51%,,,,-88%
563,Fantasy and Girls,1.37 SR,62.51%,,,,-50%
564,"Furry Shakespeare: Dashing Dinosaurs & Sexy Centaurs
lowest price is 15.14 SR at -31%",16.46 SR,62.51%,,,,-25%
565,"Kingdom Traveler
new historical low",14.36 SR,62.51%,,,,-20%
566,"Loch Ness
new historical low",23.75 SR,62.51%,,,,-15%
567,"Riot of the numbers
lowest price is 1.56 SR at -61%",1.96 SR,62.45%,in 13 days,yesterday,5 years ago,-51%
568,"Endless Universe 2 PC Live Wallpaper
lowest price is 3.97 SR at -50%",5.56 SR,62.40%,in 14 days,4 hours ago,3 years ago,-30%
569,Yet another tower defence,1.57 SR,62.36%,in 13 days,yesterday,3 years ago,-70%
570,Cursed West,1.37 SR,62.24%,in 7 days,7 days ago,5 years ago,-50%
571,"Euro Fishing
lowest price is 8.40 SR at -85%",11.20 SR,62.14%,in 5 days,2 days ago,6 years ago,-80%
572,"The Sandbox of God: Remastered Edition
lowest price is 1.99 SR at -80%",2.48 SR,62.10%,in 11 days,9 days ago,12 years ago,-75%
573,BIOSZARD Corporation,1.37 SR,62.10%,in 11 days,9 days ago,3 years ago,-50%
574,"Gothic 1881
lowest price is 3.28 SR at -67%",4.97 SR,62.10%,in 5 days,9 days ago,12 months ago,-50%
575,Jixxaw,2.62 SR,62.10%,in 13 days,yesterday,9 months ago,-50%
576,"Love on Paper
lowest price is 17.96 SR at -25%",19.16 SR,62.10%,in 14 days,4 hours ago,15 months ago,-20%
577,Time of Piracy,1.37 SR,62.05%,in 14 days,4 hours ago,6 months ago,-50%
578,"Concealment
new historical low",3.98 SR,62.00%,in 3 days,11 days ago,9 months ago,-60%
579,Unicorn and Sweets 2,2.19 SR,61.97%,in 12 days,9 days ago,6 months ago,-90%
580,"Darkheart: Flight of the Harpies
lowest price is 8.96 SR at -25%",9.56 SR,61.97%,in 12 days,2 days ago,4 years ago,-20%
581,"Arc Wizards 3
lowest price is 1.37 SR at -50%",1.79 SR,61.96%,in 10 days,yesterday,11 months ago,-90%
582,Tank Fantastic,2.19 SR,61.95%,in 12 days,9 days ago,6 months ago,-90%
583,"Romancing SaGa 2‚Ñ¢
new historical low",11.98 SR,61.90%,in 6 days,7 days ago,4 years ago,-70%
584,"Power of Love
lowest price is 1.37 SR at -50%",1.38 SR,61.80%,,,,-44%
585,Dude Simulator 4,1.43 SR,61.46%,,,,-88%
586,"Hooligan Vasja
lowest price is 1.37 SR at -50%",1.65 SR,61.31%,,,,-40%
587,"Nephise Begins
lowest price is 0.00 SR at -100%",1.37 SR,61.23%,,,,-50%
588,"Centralia: Homecoming
lowest price is 8.89 SR at -67%",9.43 SR,61.08%,,,,-65%
589,Stonedeep,9.88 SR,60.98%,in 12 days,2 days ago,2 months ago,-70%
590,Highway Game,1.37 SR,60.95%,in 12 days,9 days ago,2 years ago,-50%
591,Rebirth:Beware of Mr.Wang,16.15 SR,60.90%,in 14 days,14 hours ago,2 months ago,-19%
592,Zombie Claus,5.02 SR,60.74%,in 13 days,yesterday,2 years ago,-64%
593,The Moment We Met,2.10 SR,60.72%,in 13 days,yesterday,3 years ago,-60%
594,Hentai Boy,1.37 SR,60.65%,in 12 days,9 days ago,6 months ago,-50%
595,Araha : Curse of Yieun Island,18.57 SR,60.57%,in 12 days,9 days ago,2 years ago,-40%
596,"Matanga
lowest price is 1.43 SR at -88%",2.39 SR,60.55%,in 10 days,4 days ago,3 years ago,-80%
597,Queen of Seas 2,1.37 SR,60.55%,in 11 days,9 days ago,4 years ago,-50%
598,"Let's Learn Shogi
new historical low",7.97 SR,60.54%,in 12 days,2 days ago,12 months ago,-50%
599,Endless Furry Clicker,1.37 SR,60.54%,in 12 days,2 days ago,10 months ago,-50%
600,"Hentai Pair
lowest price is 1.37 SR at -50%",1.65 SR,60.54%,in 8 days,8 days ago,2 years ago,-40%
601,Asterix & Obelix XXL 3 - The Crystal Menhir,9.39 SR,60.49%,in 5 days,2 days ago,2 years ago,-80%
602,Fable of the Sword,1.57 SR,60.30%,in 13 days,yesterday,4 years ago,-70%
603,Director of Football,4.39 SR,60.28%,in 10 days,4 hours ago,22 years ago,-80%
604,Celia's Quest,1.37 SR,60.28%,in 13 days,17 hours ago,7 years ago,-50%
605,SLASH OF BULLET,10.97 SR,60.28%,in 11 days,9 days ago,8 months ago,-50%
606,SpeedingRoad,1.65 SR,60.28%,,,,-40%
607,"Fruitlockers Reborn! 2
lowest price is 1.43 SR at -88%",8.96 SR,60.28%,,,,-25%
608,"Game club ""Waka-Waka""
lowest price is 1.37 SR at -50%",1.51 SR,60.20%,,,,-45%
609,Kings and Pigs,2.19 SR,60.09%,,,,-90%
610,"North Of Iraq Part 1
lowest price is 1.51 SR at -45%",4.69 SR,59.97%,,,,-90%
611,Strike Solitaire,1.43 SR,59.97%,in 3 days,4 days ago,3 years ago,-88%
612,Wooden House,1.37 SR,59.93%,in 12 days,9 days ago,5 years ago,-50%
613,"Legacy - Witch Island
lowest price is 8.96 SR at -25%",10.15 SR,59.80%,in 12 days,2 days ago,15 months ago,-15%
614,"One Wish
lowest price is 1.37 SR at -50%",1.43 SR,59.64%,in 12 days,9 days ago,4 years ago,-88%
615,WIN THE GAME: DO IT!,1.37 SR,59.63%,in 12 days,9 days ago,4 years ago,-50%
616,Alice's Jigsaw. Wonderland Chronicles,1.43 SR,59.60%,in 3 days,4 days ago,3 years ago,-88%
617,Santa's Toy Factory Nonograms,1.43 SR,59.60%,in 3 days,4 days ago,16 months ago,-88%
618,Hacker Evolution - 2019 HD remaster,1.43 SR,59.60%,in 12 days,9 days ago,2 years ago,-82%
619,Pirate Island Rescue,1.59 SR,59.60%,in 5 days,2 days ago,3 years ago,-80%
620,"Plan Z
new historical low",4.78 SR,59.60%,in 10 days,4 days ago,11 months ago,-60%
621,"Custom Machinery
new historical low",4.97 SR,59.60%,in 10 days,4 days ago,4 months ago,-50%
622,"Dune Girls Attack!
new historical low",4.77 SR,59.60%,in 20 hours,7 days ago,7 days ago,-40%
623,"Danplace
new historical low",3.93 SR,59.60%,in 20 hours,6 days ago,3 months ago,-25%
624,"Inexplicable Geeks: Dawn of Just Us
lowest price is 7.68 SR at -65%",18.65 SR,59.60%,in 12 days,2 days ago,4 years ago,-15%
625,Chetz!,10.75 SR,59.60%,in 20 hours,6 days ago,7 days ago,-10%
626,"Crysis Remastered
new historical low",23.47 SR,59.56%,in 13 days,yesterday,3 months ago,-50%
627,Dark Fantasy Warriors,1.41 SR,59.46%,in 8 days,9 days ago,12 months ago,-73%
628,Bad Day,1.37 SR,59.46%,,,,-50%
629,"MagicalGirl Mimi
lowest price is 1.37 SR at -50%",1.79 SR,59.42%,,,,-90%
630,"Angry Fugu
lowest price is 1.41 SR at -73%",1.43 SR,59.42%,,,,-88%
631,1001 Jigsaw Home Sweet Home Wedding Ceremony,1.43 SR,59.42%,,,,-88%
632,"Freddy Frog
lowest price is 1.99 SR at -80%",3.19 SR,59.42%,,,,-80%
633,Battle Guns Simulator,1.41 SR,59.42%,,,,-73%
634,Zombie Apocalypse 2021,1.41 SR,59.42%,,,,-73%
635,"Join Rush Attack / Âä†ÂÖ•Á™ÅË¢≠
new historical low",1.41 SR,59.42%,,,,-73%
636,Army of Tentacles: (Not) A Cthulhu Dating Sim: Black GOAT of the Woods Edition,7.42 SR,59.42%,,,,-69%
637,"Steel Eagle
lowest price is 1.51 SR at -45%",2.62 SR,59.42%,,,,-67%
638,My Personal World,1.37 SR,59.42%,,,,-50%
639,"Tanks in Labyrinth
new historical low",2.62 SR,59.42%,,,,-50%
640,Endless Furry Asteroids,1.37 SR,59.42%,,,,-50%
641,"Christmas Horror
new historical low",5.16 SR,59.42%,,,,-35%
642,"BunnyShot
lowest price is 1.65 SR at -40%",1.92 SR,59.42%,,,,-30%
643,"Artifacting
lowest price is 2.62 SR at -50%",3.67 SR,59.42%,,,,-30%
644,"Magurele Mystery
new historical low",6.96 SR,59.42%,,,,-30%
645,"Stint: Rift Apart
new historical low",6.96 SR,59.42%,,,,-30%
646,"Dragon Slaying
new historical low",3.67 SR,59.42%,,,,-30%
647,"Space Station 51
new historical low",16.46 SR,59.42%,,,,-25%
648,"Fantasy Gardens
new historical low",13.46 SR,59.42%,,,,-25%
649,"Alien Age
new historical low",10.46 SR,59.42%,,,,-25%
650,"Comixxx Jixxaw
new historical low",3.93 SR,59.42%,,,,-25%
651,"Renryuu: Ascension
new historical low",22.46 SR,59.42%,,,,-25%
652,"Examination Chambers
new historical low",3.93 SR,59.42%,,,,-25%
653,"Hunt the Lights
lowest price is 1.65 SR at -40%",2.20 SR,59.42%,,,,-20%
654,"Quest of Wizard
new historical low",6.36 SR,59.42%,,,,-20%
655,"Sky DarkCrow
new historical low",6.36 SR,59.42%,in 3 days,4 days ago,5 days ago,-20%
656,"KeyHero
new historical low",4.20 SR,59.42%,in 5 days,2 days ago,3 days ago,-20%
657,"HOLY COW! Milking Simulator
new historical low",18.65 SR,59.42%,in 6 days,yesterday,2 days ago,-15%
658,"Hentai Neko Mosaic!
new historical low",2.33 SR,59.42%,in 7 days,5 hours ago,22 hours ago,-15%
659,"Alpha Zoo
new historical low",10.16 SR,59.42%,in 4 days,3 days ago,5 days ago,-15%
660,"Furries & Scalies: Super Scary Halloween Spooky Times
lowest price is 18.65 SR at -15%",19.75 SR,59.42%,in 12 days,9 days ago,2 years ago,-10%
661,"Icing
new historical low",35.95 SR,59.42%,in 7 days,14 hours ago,22 hours ago,-10%
662,"Toy Kingdom 3
new historical low",28.75 SR,59.42%,in 20 hours,6 days ago,7 days ago,-10%
663,"Beer Pong League
lowest price is 1.43 SR at -88%",2.39 SR,59.40%,in 12 days,9 days ago,3 years ago,-80%
664,Little adventure 2,1.99 SR,59.37%,in 13 days,yesterday,4 months ago,-80%
665,"Bustories
lowest price is 1.39 SR at -86%",4.97 SR,59.30%,in 5 hours,14 days ago,4 years ago,-50%
666,"Demon's Residence
new historical low",4.97 SR,59.10%,in 12 days,2 days ago,4 months ago,-50%
667,"Cold Cable: Lifeshift
lowest price is 1.37 SR at -50%",1.65 SR,59.00%,in 12 days,2 days ago,3 years ago,-40%
668,Outbreak: Endless Nightmares,19.46 SR,59.00%,in 11 days,9 days ago,7 months ago,-35%
669,sWORD MASTER,1.37 SR,58.97%,in 13 days,yesterday,4 years ago,-50%
670,"KILLING A SUPERSTAR
new historical low",12.47 SR,58.97%,in 8 days,6 days ago,11 months ago,-50%
671,"Amanda's Sticker Book
lowest price is 1.99 SR at -80%",8.45 SR,58.97%,in 12 days,2 days ago,3 years ago,-15%
672,"Defense of Roman Britain
lowest price is 7.00 SR at -65%",8.00 SR,58.95%,,,,-60%
673,Hentai 2+2=4,1.38 SR,58.62%,,,,-49%
674,"Iron Warriors: T - 72 Tank Command
lowest price is 1.70 SR at -90%",3.40 SR,58.57%,,,,-80%
675,"Cat Girl
lowest price is 1.40 SR at -65%",2.00 SR,58.56%,,,,-50%
676,LineVox,2.19 SR,58.55%,,,,-90%
677,TOP TRUCK DRIVER,2.19 SR,58.55%,in 12 days,9 days ago,9 months ago,-90%
678,"Mystery Masterpiece: The Moonstone
lowest price is 5.97 SR at -50%",9.56 SR,58.55%,in 12 days,2 days ago,3 years ago,-20%
679,"Furry Puzzle
lowest price is 1.37 SR at -50%",1.65 SR,58.49%,in 7 days,2 days ago,4 months ago,-40%
680,"Outbreak
lowest price is 2.19 SR at -90%",10.97 SR,58.40%,in 11 days,9 days ago,5 years ago,-50%
681,"Dragon Banner
lowest price is 3.49 SR at -90%",13.47 SR,58.33%,in 8 days,2 days ago,2 years ago,-55%
682,Goblin Walker,2.38 SR,57.98%,in 13 days,yesterday,3 years ago,-70%
683,"Pokitaire
lowest price is 4.99 SR at -50%",7.99 SR,57.96%,in 12 days,2 days ago,9 months ago,-20%
684,ZAR,2.19 SR,57.82%,in 12 days,9 days ago,7 months ago,-90%
685,"Energy Engine PC Live Wallpaper
lowest price is 5.97 SR at -40%",6.96 SR,57.82%,in 14 days,4 hours ago,3 years ago,-30%
686,Transporter Truck Simulator,1.37 SR,57.76%,in 13 days,yesterday,2 years ago,-50%
687,PIRATECRAFT,1.37 SR,57.73%,in 12 days,9 days ago,9 months ago,-50%
688,Crab Cakes Rescue,2.39 SR,57.65%,in 13 days,yesterday,7 years ago,-85%
689,Hentai Girlfriend Simulator,1.65 SR,57.61%,in 14 days,4 hours ago,2 years ago,-40%
690,"The Walking Evil
lowest price is 14.01 SR at -48%",14.55 SR,57.54%,in 13 days,yesterday,2 years ago,-46%
691,Fortune and Gloria,4.39 SR,57.39%,in 5 days,9 days ago,3 years ago,-80%
692,Data mining 8,1.41 SR,57.39%,in 13 days,yesterday,2 years ago,-73%
693,Battle Royale Craft,1.41 SR,57.39%,in 8 days,9 days ago,9 months ago,-73%
694,Lovely Archeologists,1.37 SR,57.39%,,,,-50%
695,"Animals Fight
new historical low",1.51 SR,57.39%,,,,-45%
696,Riders 2491,1.59 SR,57.18%,,,,-80%
697,"Flowers Garden Solitaire
lowest price is 4.97 SR at -50%",8.45 SR,57.18%,,,,-15%
698,Mouse Hunter,2.19 SR,57.17%,,,,-90%
699,"Poly Squad
lowest price is 2.98 SR at -75%",4.06 SR,57.03%,in 13 days,yesterday,10 months ago,-66%
700,Hentai Simulator,3.15 SR,57.02%,in 14 days,4 hours ago,15 months ago,-40%
701,"Little Jack's Adventures
lowest price is 1.56 SR at -61%",1.96 SR,56.81%,in 12 days,2 days ago,5 years ago,-51%
702,"Victorian Mysteries: Woman in White
lowest price is 5.97 SR at -50%",8.96 SR,56.60%,in 12 days,2 days ago,2 years ago,-25%
703,Drift Stunt Racing 2019,1.37 SR,56.53%,in 13 days,yesterday,3 years ago,-50%
704,Hacker Evolution: Untold,1.37 SR,56.29%,in 12 days,9 days ago,11 years ago,-50%
705,ZenFarm,1.41 SR,56.05%,in 8 days,9 days ago,10 months ago,-73%
706,Soup!,1.37 SR,56.05%,in 11 days,3 days ago,4 months ago,-50%
707,"Crazy Truck
new historical low",1.51 SR,56.05%,in 13 days,yesterday,2 months ago,-45%
708,"Khospis
lowest price is 1.37 SR at -50%",2.06 SR,56.05%,in 10 days,4 days ago,3 years ago,-25%
709,Village Bus Driver Simulator,1.37 SR,55.97%,in 13 days,yesterday,2 years ago,-50%
710,"Money Bath VR / Êú≠ÊùüÈ¢®ÂëÇVR
lowest price is 5.01 SR at -58%",9.56 SR,55.77%,in 11 days,9 days ago,3 years ago,-20%
711,Solitaire Game Halloween 2,1.43 SR,55.69%,in 3 days,4 days ago,7 months ago,-88%
712,Jurassic mahjong,1.43 SR,55.69%,in 3 days,4 days ago,7 months ago,-88%
713,Edifice of Fiends,2.39 SR,55.69%,in 13 days,yesterday,10 months ago,-80%
714,"Shadow Fear‚Ñ¢ Path to Insanity
lowest price is 4.39 SR at -80%",10.97 SR,55.69%,in 11 days,3 days ago,3 years ago,-50%
715,Adventure Field‚Ñ¢ 4,10.97 SR,55.69%,in 11 days,3 days ago,10 months ago,-50%
716,VR Another World,5.97 SR,55.69%,,,,-50%
717,"Demon Runner The Forsaken
new historical low",2.62 SR,55.69%,,,,-50%
718,"Let's Learn Janggi (Korean Chess)
new historical low",9.57 SR,55.69%,,,,-40%
719,Seek Girl ‚Öß,4.20 SR,55.66%,,,,-20%
720,Roulette Simulator 2,1.37 SR,55.55%,,,,-50%
721,Go-Kart Racing,1.37 SR,55.48%,in 13 days,yesterday,4 years ago,-50%
722,aMAZE Frozen,1.37 SR,55.45%,in 13 days,yesterday,4 years ago,-50%
723,"The Agony
lowest price is 1.37 SR at -66%",1.39 SR,55.41%,in 11 days,9 days ago,5 years ago,-72%
724,"Junkyard Simulator
new historical low",26.51 SR,55.27%,in 14 days,4 hours ago,2 months ago,-17%
725,Call Of The Mighty Warriors,1.37 SR,55.18%,tomorrow,13 days ago,6 years ago,-50%
726,GraFi 2,1.41 SR,55.17%,in 13 days,yesterday,3 years ago,-73%
727,"Jungle Z
lowest price is 8.08 SR at -70%",13.47 SR,55.14%,in 7 days,7 days ago,3 years ago,-50%
728,Hentai ASMR,1.41 SR,55.13%,in 9 days,5 days ago,12 months ago,-73%
729,"RideOp - Thrill Ride Simulator
lowest price is 25.20 SR at -55%",28.00 SR,55.07%,in 12 days,2 days ago,3 years ago,-50%
730,"Holy Avatar vs. Maidens of the Dead
lowest price is 3.30 SR at -90%",6.60 SR,55.05%,in 10 days,2 days ago,8 years ago,-80%
731,"The Life Of Greather
lowest price is 1.37 SR at -74%",1.41 SR,55.02%,in 12 days,9 days ago,5 years ago,-73%
732,Blackjack In Space,1.37 SR,54.96%,in 13 days,yesterday,4 years ago,-50%
733,"Academy of Magic: Dark Possession
new historical low",10.46 SR,54.48%,in 12 days,2 days ago,4 months ago,-25%
734,TUTUTUTU - Tea party,3.09 SR,54.17%,in 14 days,4 hours ago,2 years ago,-90%
735,Olympus Griddlers,1.43 SR,54.17%,in 3 days,4 days ago,16 months ago,-88%
736,Choco Pixel 4,1.41 SR,54.17%,in 13 days,yesterday,2 years ago,-73%
737,Peas Adventure,1.37 SR,54.17%,in 13 days,yesterday,3 years ago,-50%
738,"Mythic Pearls: The Legend of Tirnanog
lowest price is 2.50 SR at -75%",7.00 SR,54.17%,,,,-30%
739,"Âë®Êùæ‰º†
new historical low",6.36 SR,54.17%,,,,-20%
740,"Vantage: Primitive Survival Game
lowest price is 19.46 SR at -35%",23.96 SR,54.16%,,,,-20%
741,"Pharmakon - Tactical Puzzle
lowest price is 1.99 SR at -80%",2.48 SR,54.02%,,,,-75%
742,Iron Heart,1.43 SR,53.98%,,,,-88%
743,"Medical verdict
lowest price is 1.43 SR at -88%",2.39 SR,53.95%,in 10 days,4 days ago,3 years ago,-80%
744,"White Mirror
lowest price is 1.37 SR at -80%",1.43 SR,53.79%,in 12 days,9 days ago,6 years ago,-88%
745,Bloody Sand : The Gods Of Assyria,4.69 SR,53.32%,in 13 days,yesterday,12 months ago,-90%
746,Hockey Camp - Goaltender,1.37 SR,53.32%,in 13 days,yesterday,3 years ago,-50%
747,"Star Fighter
new historical low",1.37 SR,53.32%,in 20 hours,13 days ago,2 months ago,-50%
748,"Paranormal Stories
lowest price is 4.97 SR at -50%",7.46 SR,53.32%,in 13 days,yesterday,14 months ago,-25%
749,"Dice Tourney
new historical low",1.99 SR,53.27%,in 13 days,yesterday,4 months ago,-80%
750,"Army of Tentacles: (Not) A Cthulhu Dating Sim
lowest price is 5.78 SR at -66%",11.73 SR,53.11%,in 12 days,9 days ago,6 years ago,-31%
751,"There Is No Tomorrow: Better Edition
new historical low",4.39 SR,52.78%,in 3 days,7 days ago,2 years ago,-80%
752,"Good Boy!
lowest price is 1.37 SR at -50%",1.51 SR,52.78%,in 7 days,7 days ago,4 years ago,-45%
753,Unclaimed World,3.39 SR,52.64%,in 13 days,yesterday,5 years ago,-90%
754,"Domino Dungeon
lowest price is 1.44 SR at -82%",2.00 SR,52.39%,in 12 days,2 days ago,4 years ago,-75%
755,Bloody trains,3.39 SR,52.11%,in 14 days,4 hours ago,2 years ago,-90%
756,"The Ghost of Joe Papp
lowest price is 8.37 SR at -40%",9.48 SR,52.11%,in 12 days,9 days ago,4 years ago,-32%
757,"Grotesque Tactics 2 ‚Äì Dungeons and Donuts
lowest price is 3.30 SR at -90%",6.60 SR,51.98%,in 10 days,2 days ago,10 years ago,-80%
758,Furries & Scalies & Bears OH MY!,18.65 SR,51.89%,in 12 days,9 days ago,3 years ago,-15%
759,Secrets of Egypt,2.19 SR,51.71%,in 12 days,9 days ago,8 months ago,-90%
760,Women's Prison,1.51 SR,51.34%,,,,-45%
761,"AION - Translator application
lowest price is 5.58 SR at -60%",11.16 SR,51.33%,,,,-20%
762,Elite Commander,1.37 SR,51.10%,,,,-50%
763,"The Inevitability
lowest price is 1.37 SR at -73%",1.43 SR,51.01%,,,,-88%
764,"Outbreak: Epidemic
lowest price is 5.48 SR at -75%",10.97 SR,50.88%,,,,-50%
765,"Syberia 3
lowest price is 4.69 SR at -90%",8.99 SR,50.67%,in 5 days,2 days ago,5 years ago,-85%
766,Villagers,5.99 SR,50.67%,in 13 days,yesterday,6 years ago,-80%
767,Hood: Outlaws & Legends,52.93 SR,50.15%,in 20 hours,yesterday,7 months ago,-33%
768,"Panic Pump - Can you save them ALL?
new historical low",1.70 SR,50.00%,in 4 days,6 days ago,4 years ago,-90%
769,Space Ship DRIFT,2.19 SR,50.00%,in 12 days,9 days ago,8 months ago,-90%
770,Starsation,2.19 SR,50.00%,in 12 days,9 days ago,6 months ago,-90%
771,"Mob War Nazi Golds
lowest price is 1.37 SR at -50%",1.43 SR,50.00%,in 13 days,yesterday,4 years ago,-88%
772,Mahjong Magic Journey 2,1.43 SR,50.00%,in 3 days,4 days ago,7 years ago,-88%
773,Fast Food Simulator,1.41 SR,50.00%,in 7 days,9 days ago,13 months ago,-73%
774,Biotech Samurai,1.41 SR,50.00%,in 8 days,9 days ago,10 months ago,-73%
775,"Pro Pain Labs
new historical low",2.10 SR,50.00%,in 6 days,2 days ago,4 months ago,-60%
776,Flirtatious: Fallen Angels,2.62 SR,50.00%,in 14 days,4 hours ago,5 months ago,-50%
777,"Scroll Of Life
new historical low",1.65 SR,50.00%,in 20 hours,6 days ago,7 days ago,-40%
778,Outlaws: Corwin's Treasure,8.00 SR,50.00%,in 13 days,yesterday,2 years ago,-33%
779,Casual Golf,1.92 SR,50.00%,in 4 days,3 days ago,4 months ago,-30%
780,"TraxWorld
new historical low",22.46 SR,50.00%,in 20 hours,6 days ago,7 days ago,-25%
781,"Home Designer - Living Room
lowest price is 4.97 SR at -50%",7.96 SR,50.00%,in 13 days,yesterday,16 months ago,-20%
782,"Forsaken Portals
new historical low",28.85 SR,50.00%,,,,-15%
783,"Succubus With Guns
lowest price is 8.97 SR at -50%",15.25 SR,50.00%,,,,-15%
784,"Casino Tycoon Simulator
new historical low",26.95 SR,50.00%,,,,-10%
785,The Last Hope: Trump vs Mafia - North Korea,1.37 SR,49.89%,,,,-50%
786,"Mechajammer
new historical low",35.95 SR,49.32%,,,,-10%
787,"3D Hentai Chess
lowest price is 3.15 SR at -40%",3.93 SR,49.21%,in 13 days,yesterday,15 months ago,-25%
788,Office Simulator,1.41 SR,49.14%,in 7 days,9 days ago,12 months ago,-73%
789,"Darkness Assault
lowest price is 1.37 SR at -50%",1.41 SR,48.66%,in 7 days,7 days ago,7 years ago,-73%
790,"Epic Adventures: Cursed Onboard
lowest price is 3.60 SR at -60%",6.03 SR,48.44%,in 13 days,yesterday,3 years ago,-33%
791,"Gnomes Garden Lost King
lowest price is 1.37 SR at -89%",1.43 SR,48.25%,in 3 days,4 days ago,4 years ago,-88%
792,"The Purge Man
lowest price is 2.19 SR at -90%",2.39 SR,48.24%,in 12 days,9 days ago,3 years ago,-80%
793,The Albatross,1.37 SR,47.93%,in 13 days,yesterday,5 years ago,-50%
794,Infected City,1.51 SR,47.61%,in 13 days,yesterday,5 months ago,-45%
795,Sunny Smiles,1.37 SR,47.22%,in 13 days,yesterday,4 years ago,-50%
796,Hentai In The Forest,1.37 SR,47.22%,in 11 days,3 days ago,4 months ago,-50%
797,Roulette Simulator,1.37 SR,47.17%,in 13 days,yesterday,4 years ago,-50%
798,Mineirinho Wildtides DC,1.37 SR,47.03%,in 12 days,9 days ago,2 years ago,-50%
799,My Lil Horror,1.37 SR,47.03%,in 12 days,2 days ago,17 months ago,-50%
800,The Lost Souls,1.37 SR,46.96%,in 12 days,9 days ago,6 years ago,-50%
801,Defense Tower Simulator,1.41 SR,46.68%,in 8 days,9 days ago,6 months ago,-73%
802,"Intruder on the Bridge
new historical low",25.45 SR,46.68%,in 6 days,2 days ago,2 days ago,-15%
803,DooM in the Dark,3.20 SR,46.41%,in 13 days,yesterday,3 years ago,-77%
804,Amber Tail Adventure,1.37 SR,46.13%,,,,-50%
805,"Cowboy's Adventure
lowest price is 1.37 SR at -66%",1.40 SR,46.07%,,,,-65%
806,"Beatdown Brawler
lowest price is 1.37 SR at -50%",1.43 SR,46.02%,,,,-82%
807,EBOLA,8.38 SR,45.95%,,,,-70%
808,Steampunk Graveyard,1.59 SR,45.83%,,,,-80%
809,POG 3,1.41 SR,45.83%,in 13 days,yesterday,6 months ago,-73%
810,Who Wants To Be A Millionaire,23.47 SR,45.83%,in 5 days,2 days ago,13 months ago,-50%
811,Dungeon Arena,1.37 SR,45.83%,in 13 days,yesterday,4 months ago,-50%
812,Hot Swap: Cyberlust,2.62 SR,45.83%,in 12 days,9 days ago,3 months ago,-50%
813,SEXXXNATOR: Adult Sandbox RPG,1.65 SR,45.70%,in 14 days,4 hours ago,3 years ago,-40%
814,"Forbidden Pleasure
lowest price is 4.99 SR at -80%",7.48 SR,45.52%,in 12 days,9 days ago,2 years ago,-70%
815,Mineirinho Shooter DC,1.37 SR,45.52%,in 12 days,9 days ago,2 years ago,-50%
816,BAFF 3,1.41 SR,44.87%,in 13 days,yesterday,2 years ago,-73%
817,Fight with love - deckbuilder datingsim,2.79 SR,44.86%,in 14 days,4 hours ago,4 months ago,-90%
818,EBONY,6.98 SR,44.83%,in 13 days,yesterday,2 years ago,-65%
819,6120,2.98 SR,44.78%,in 13 days,yesterday,3 years ago,-75%
820,"Your Sword Is So Big
new historical low",1.37 SR,44.68%,in 13 days,yesterday,2 months ago,-50%
821,VERGE:Lost chapter,1.37 SR,44.66%,in 12 days,9 days ago,6 years ago,-50%
822,25 Cadre of Death,3.48 SR,44.45%,in 13 days,yesterday,3 years ago,-75%
823,"Dungeon D14
new historical low",3.19 SR,44.31%,in 5 days,2 days ago,4 months ago,-80%
824,"Spirits of Metropolis: Legacy Edition
lowest price is 1.99 SR at -80%",2.48 SR,44.31%,in 11 days,9 days ago,13 years ago,-75%
825,One Jump Bomb,2.38 SR,44.31%,in 11 days,3 days ago,3 years ago,-70%
826,"Formula Bit Racing
lowest price is 2.98 SR at -75%",5.97 SR,44.31%,,,,-50%
827,Puzzle Challengers,1.37 SR,44.31%,,,,-50%
828,LSDriver 1+2 (Remastered Collection),1.37 SR,44.31%,,,,-50%
829,"Cave Explorers
new historical low",15.36 SR,44.31%,,,,-30%
830,"Naked Porn Battle
new historical low",10.15 SR,44.31%,,,,-15%
831,The Construct,1.37 SR,44.25%,in 13 days,2 days ago,5 years ago,-50%
832,"1406
lowest price is 3.34 SR at -76%",3.48 SR,44.22%,in 13 days,yesterday,3 years ago,-75%
833,Project Tarvotan,1.37 SR,44.20%,in 13 days,yesterday,6 years ago,-50%
834,CHAIN SAW,2.48 SR,44.00%,in 13 days,yesterday,3 years ago,-75%
835,"MAGIX Video deluxe 2021 Plus Steam Edition
new historical low",104.91 SR,43.95%,in 12 days,9 days ago,15 months ago,-61%
836,"End of Days
new historical low",6.58 SR,43.71%,in 12 days,2 days ago,3 months ago,-70%
837,"Defoliation
lowest price is 5.38 SR at -70%",8.97 SR,43.68%,in 7 days,7 days ago,3 years ago,-50%
838,"SEX Office Story
new historical low",5.59 SR,43.47%,in 12 days,2 days ago,2 years ago,-80%
839,Erzurum,1.43 SR,43.46%,in 12 days,9 days ago,10 months ago,-88%
840,T.A.R.S,1.41 SR,43.31%,in 12 days,9 days ago,2 years ago,-73%
841,"Emily Archer and the Curse of Tutankhamun
lowest price is 4.97 SR at -50%",6.66 SR,42.82%,in 14 days,4 hours ago,2 years ago,-33%
842,"The Hell Hives
new historical low",2.98 SR,42.61%,in 2 days,12 days ago,7 months ago,-75%
843,"Your first girlfriend
lowest price is 2.70 SR at -66%",3.57 SR,42.61%,in 14 days,4 hours ago,5 months ago,-55%
844,"Survival Maze
lowest price is 2.38 SR at -70%",7.96 SR,42.61%,in 5 days,2 days ago,3 days ago,-20%
845,"Catzilla 4K - Advanced
lowest price is 6.25 SR at -75%",12.50 SR,42.45%,in 10 days,4 days ago,8 years ago,-50%
846,KryptCrawler,3.59 SR,42.24%,in 10 days,2 days ago,4 years ago,-80%
847,Prop Hunt,6.58 SR,42.18%,in 11 days,9 days ago,8 months ago,-70%
848,Red Wake Carnage,1.37 SR,42.06%,,,,-50%
849,STALINGRAD ABATIS,1.37 SR,41.79%,,,,-50%
850,"Help Me Now
new historical low",4.97 SR,41.67%,,,,-50%
851,Cube Island,1.37 SR,41.03%,,,,-50%
852,‚ùÇ Hexaluga ‚ùÇ Weapon and Shield ‚òØ,2.19 SR,40.90%,in 12 days,9 days ago,4 years ago,-90%
853,‚ùÇ Heroes of Hexaluga ‚ùÇ,2.19 SR,40.63%,in 12 days,9 days ago,4 years ago,-90%
854,Prison 69,3.49 SR,40.58%,in 13 days,yesterday,9 months ago,-90%
855,SpaceSeals,2.19 SR,40.58%,in 12 days,9 days ago,4 months ago,-90%
856,"Flappy Bat
lowest price is 1.99 SR at -80%",2.39 SR,40.58%,in 13 days,yesterday,8 months ago,-85%
857,"Power Ball 2021
lowest price is 2.10 SR at -60%",3.19 SR,40.58%,in 13 days,yesterday,11 months ago,-80%
858,"Retro Wars
lowest price is 2.39 SR at -80%",3.19 SR,40.58%,in 13 days,yesterday,9 months ago,-80%
859,"Outer Frontier
new historical low",12.48 SR,40.58%,in 11 days,3 days ago,15 months ago,-75%
860,"Goblin treasure
lowest price is 0.98 SR at -67%",2.62 SR,40.58%,in 3 days,11 days ago,2 years ago,-67%
861,Cubicus,2.10 SR,40.58%,in 13 days,yesterday,2 months ago,-60%
862,Fuyu no Tsuma,2.10 SR,40.58%,in 14 days,4 hours ago,2 months ago,-60%
863,"Destruction
lowest price is 6.58 SR at -70%",10.97 SR,40.58%,in 7 days,7 days ago,3 years ago,-50%
864,"Castle Of Pixel Skulls
lowest price is 2.47 SR at -10%",3.97 SR,40.58%,in 12 days,4 hours ago,3 years ago,-50%
865,Escape Prison,1.37 SR,40.58%,in 8 days,9 days ago,10 months ago,-50%
866,"Fruit Basket
new historical low",14.37 SR,40.58%,in 5 days,3 days ago,3 days ago,-40%
867,Key,2.06 SR,40.58%,in 5 days,2 days ago,3 days ago,-25%
868,"Dungeons Of Honor
new historical low",4.46 SR,40.58%,in 3 days,2 days ago,5 days ago,-15%
869,"Dinosaur Shakespeare: To Date or Not To Date?
lowest price is 18.65 SR at -15%",19.75 SR,40.58%,in 12 days,2 days ago,2 years ago,-10%
870,"Calmed by the Dark Leviathan
new historical low",10.75 SR,40.58%,,,,-10%
871,Street Football,2.19 SR,40.40%,,,,-90%
872,Happy New Hentai,1.41 SR,40.40%,,,,-73%
873,War of Power: The Last Fight,5.02 SR,40.40%,,,,-72%
874,"Retro Pixel Racers
lowest price is 2.47 SR at -10%",2.62 SR,40.40%,in 12 days,4 hours ago,3 years ago,-50%
875,"Space puzzle
new historical low",3.73 SR,40.03%,in 6 days,8 days ago,6 months ago,-83%
876,"Tactics 2: War
lowest price is 2.47 SR at -10%",13.98 SR,39.72%,in 14 days,3 hours ago,4 years ago,-60%
877,"Hidden Fears (Moonlight Edition)
lowest price is 2.50 SR at -75%",8.00 SR,39.27%,in 12 days,2 days ago,2 years ago,-20%
878,The Last Hope,1.37 SR,39.22%,in 7 days,7 days ago,5 years ago,-50%
879,"Campfire: One of Us Is the Killer
new historical low",1.43 SR,38.32%,in 14 days,4 hours ago,5 years ago,-87%
880,"House of Evil
lowest price is 1.39 SR at -86%",1.99 SR,38.09%,in 13 days,yesterday,4 years ago,-80%
881,Destroy It,2.19 SR,38.05%,in 12 days,9 days ago,9 months ago,-90%
882,"Oh, Dungeon Master
new historical low",1.37 SR,37.90%,in 20 hours,13 days ago,2 months ago,-50%
883,"Hooligan Vasja: Christmas
lowest price is 1.37 SR at -66%",1.40 SR,37.87%,in 14 days,4 hours ago,4 years ago,-65%
884,Dead Alliance‚Ñ¢,5.24 SR,37.72%,in 13 days,yesterday,4 years ago,-85%
885,Minicraft Shooter,1.37 SR,37.49%,in 3 days,11 days ago,9 months ago,-50%
886,Endless Furry Blackjack,1.37 SR,37.49%,in 12 days,2 days ago,9 months ago,-50%
887,Hacker Series,1.40 SR,37.10%,in 12 days,2 days ago,5 years ago,-65%
888,"Sex Prison VR
new historical low",5.59 SR,37.02%,in 13 days,yesterday,16 months ago,-80%
889,‚ùÇ Hexaluga ‚ùÇ Dungeons and Hunting ‚ò†,2.19 SR,36.79%,in 12 days,9 days ago,4 years ago,-90%
890,Hacker Evolution Duality,1.37 SR,36.63%,in 12 days,9 days ago,10 years ago,-50%
891,ÂÆ°Âà§ËÄÖ È´òÊ∏ÖÈáçÂà∂ÂÖ®Á´†ËäÇÁâà,14.26 SR,36.27%,in 12 days,9 days ago,6 months ago,-35%
892,"Skilltree Saga
lowest price is 3.30 SR at -90%",6.60 SR,36.26%,,,,-80%
893,Commandos Pro Simulator,1.37 SR,36.11%,,,,-50%
894,‚òÖ Fallalypse ‚òÖ Death or Cress ‚ôù,2.19 SR,35.93%,,,,-90%
895,Rat Prison,2.19 SR,35.92%,,,,-90%
896,Jigsaw With Animals,2.19 SR,35.92%,in 12 days,9 days ago,4 months ago,-90%
897,Cubicus 2,2.10 SR,35.92%,in 13 days,yesterday,2 months ago,-60%
898,"World Of Stalkers
new historical low",13.47 SR,35.92%,in 6 days,8 days ago,3 months ago,-50%
899,"DooM in the Dark 2
lowest price is 5.92 SR at -67%",6.28 SR,35.65%,in 13 days,yesterday,2 years ago,-65%
900,‚òÖ Fallalypse ‚òÖ,2.19 SR,35.25%,in 12 days,9 days ago,4 years ago,-90%
901,"Art Of Air War
lowest price is 2.79 SR at -90%",5.59 SR,35.22%,in 12 days,2 days ago,2 years ago,-80%
902,"Colorful 3D II
lowest price is 2.19 SR at -90%",4.39 SR,35.22%,tomorrow,13 days ago,2 years ago,-80%
903,"Hooligan Vasja: Halloween
lowest price is 1.37 SR at -66%",1.40 SR,35.21%,in 14 days,4 hours ago,5 years ago,-65%
904,House of Evil 2,5.39 SR,35.00%,in 13 days,yesterday,3 years ago,-80%
905,Premier Buggy Racing Tour,1.37 SR,34.71%,in 13 days,yesterday,4 years ago,-50%
906,"Vogue, The Explorer
lowest price is 1.43 SR at -82%",1.51 SR,33.34%,in 12 days,9 days ago,3 years ago,-81%
907,Commando Dog,2.10 SR,32.94%,in 13 days,yesterday,2 years ago,-60%
908,"Memory Grove
new historical low",11.16 SR,32.94%,in 2 days,6 days ago,6 days ago,-20%
909,‚ôû The Tactics of War ‚ôû,2.19 SR,32.07%,in 12 days,9 days ago,3 years ago,-90%
910,GAME TUBE ‚ôõ,2.19 SR,32.00%,in 12 days,9 days ago,4 years ago,-90%
911,‚ùÇ Hexaluga ‚ùÇ Witch Hunter's Travelling Castle ‚ôâ,2.19 SR,31.25%,in 12 days,9 days ago,4 years ago,-90%
912,The Orphan A Tale of An Errant Ghost - Hidden Object Game,2.62 SR,31.20%,in 7 days,7 days ago,2 years ago,-50%
913,"Hidden Caves
new historical low",2.19 SR,30.80%,in 5 days,9 days ago,2 months ago,-90%
914,Snowboard,2.19 SR,30.56%,,,,-90%
915,"The Moon Relax
lowest price is 6.53 SR at -59%",6.85 SR,30.56%,,,,-57%
916,Deer Hunt Legends,2.39 SR,30.23%,,,,-80%
917,ZorroMoro,1.37 SR,29.16%,,,,-50%
918,COINS BATTLE,2.19 SR,27.83%,in 12 days,9 days ago,6 months ago,-90%
919,The Mummy Pharaoh,1.37 SR,27.78%,in 13 days,yesterday,3 years ago,-50%
920,CENTRALIA,3.98 SR,27.25%,in 13 days,yesterday,2 years ago,-75%
921,Viking Warrior,1.39 SR,24.90%,in 7 days,2 days ago,11 months ago,-86%
922,Cake Shop Simulator,1.37 SR,24.29%,in 8 days,9 days ago,12 months ago,-68%
923,War Trains,2.19 SR,23.42%,in 12 days,9 days ago,2 years ago,-90%
924,‚òÖFallalypse ‚òÖ Disconnect ‚ùÑ,2.19 SR,22.59%,in 12 days,9 days ago,3 years ago,-90%
925,"Flatout 3: Chaos & Destruction
lowest price is 3.30 SR at -90%",20.80 SR,18.61%,in 12 days,2 days ago,10 years ago,-80%
926,"LineVox 2: Forward to the Past
new historical low",2.19 SR,-,in 12 days,9 days ago,2 months ago,-90%
927,"ASTRA
new historical low",2.19 SR,-,in 11 days,9 days ago,2 months ago,-90%
928,Super Army of Tentacles 3: The Search for Army of Tentacles 2: Black GOAT of the Woods Edition,8.45 SR,-,in 12 days,9 days ago,4 years ago,-82%
929,"Super Hot Potato
lowest price is 2.39 SR at -80%",3.19 SR,-,in 13 days,yesterday,7 months ago,-80%
930,"Wings Of WW2
new historical low",3.19 SR,-,in 13 days,yesterday,2 months ago,-80%
931,"Spider Crisis
new historical low",2.48 SR,-,in 6 days,2 days ago,8 months ago,-75%
932,Data mining X,1.41 SR,-,in 13 days,yesterday,16 months ago,-73%
933,Poly Puzzle: Furries 2,1.41 SR,-,in 13 days,yesterday,2 months ago,-73%
934,"Alt Oxygen
new historical low",10.83 SR,-,in 7 days,7 days ago,4 months ago,-65%
935,"Starlight Alliance
new historical low",8.78 SR,-,in 12 days,2 days ago,2 months ago,-60%
936,Table Gun,3.98 SR,-,,,,-60%
937,"Kalzor: 2000
lowest price is 2.17 SR at -69%",3.50 SR,-,,,,-50%
938,"End War RTS 2
lowest price is 5.25 SR at -0%",9.97 SR,-,,,,-50%
939,"Pilie Pals
new historical low",17.47 SR,-,,,,-50%
940,Light Pursuer,1.38 SR,-,in 13 days,yesterday,4 months ago,-44%
941,"Hidden Histories: The Principality
new historical low",14.97 SR,-,in 5 days,2 days ago,12 months ago,-40%
942,"Tableau Vivant
new historical low",5.97 SR,-,in 5 days,2 days ago,3 days ago,-40%
943,"Suspect Enemy
new historical low",13.17 SR,-,in 6 days,yesterday,2 days ago,-40%
944,"Shuriken
new historical low",7.17 SR,-,in 6 days,yesterday,2 days ago,-40%
945,"VR stage dancer
new historical low",4.77 SR,-,in 4 days,3 days ago,4 days ago,-40%
946,"Ë∂ÖÁ∫ßÂÜíÈô©(Super Adventure)
new historical low",3.15 SR,-,in 6 days,20 hours ago,2 days ago,-40%
947,"Yui Tui
new historical low",1.65 SR,-,in 7 days,7 hours ago,22 hours ago,-40%
948,"Lab Bio-Terror
new historical low",16.17 SR,-,in 5 days,2 days ago,3 days ago,-40%
949,"Race for Your Life
new historical low",14.97 SR,-,in 5 days,2 days ago,3 days ago,-40%
950,"Angels Prayer
new historical low",5.97 SR,-,in 5 days,3 days ago,3 days ago,-40%
951,"Maze Art: Black
new historical low",3.15 SR,-,in 6 days,2 days ago,2 days ago,-40%
952,"Maze Art: Blue
new historical low",3.15 SR,-,in 6 days,2 days ago,2 days ago,-40%
953,"Maze Art: Brown
new historical low",3.15 SR,-,in 6 days,2 days ago,2 days ago,-40%
954,"Maze Art: Green
new historical low",3.15 SR,-,in 6 days,2 days ago,2 days ago,-40%
955,"Maze Art: Rainbow
new historical low",3.15 SR,-,in 7 days,13 hours ago,22 hours ago,-40%
956,"They –°ame From Above
new historical low",23.97 SR,-,in 5 days,2 days ago,3 days ago,-40%
957,"Adamanta View
new historical low",14.97 SR,-,in 5 days,3 days ago,3 days ago,-40%
958,"Mugen Journey
new historical low",3.15 SR,-,,,,-40%
959,"Prototype Blocks 2
new historical low",14.37 SR,-,,,,-40%
960,"Poly Memory: Cats
new historical low",3.15 SR,-,,,,-40%
961,"Modest Eyes
new historical low",3.15 SR,-,,,,-40%
962,"Fantasy Memory - Sexy Mermaids
new historical low",4.77 SR,-,in 20 hours,7 days ago,7 days ago,-40%
963,"Mega City Void
new historical low",13.60 SR,-,in 5 days,2 days ago,3 days ago,-38%
964,"Asterrunner
new historical low",7.76 SR,-,in 4 days,10 days ago,17 months ago,-35%
965,"Movie Studio 18 Platinum Steam Edition
lowest price is 177.57 SR at -40%",192.36 SR,-,in 12 days,2 days ago,4 months ago,-35%
966,Jumping Pirates,8.36 SR,-,in 13 days,yesterday,2 months ago,-30%
967,"Circus Pocus
new historical low",8.36 SR,-,in 7 days,13 hours ago,22 hours ago,-30%
968,"Lights
new historical low",1.92 SR,-,in 7 days,5 hours ago,22 hours ago,-30%
969,"UDONGEIN X
new historical low",12.56 SR,-,in 7 days,3 hours ago,22 hours ago,-30%
970,"Ice sugar
new historical low",24.46 SR,-,in 5 days,2 days ago,3 days ago,-30%
971,"Bolt Action
new historical low",2.03 SR,-,in 4 days,3 days ago,4 days ago,-26%
972,"Paper Shakespeare: The Legend of Rainbow Hollow
lowest price is 8.24 SR at -31%",8.96 SR,-,in 12 days,9 days ago,16 months ago,-25%
973,"1 Hop
lowest price is 5.25 SR at -0%",5.96 SR,-,in 20 hours,13 days ago,8 months ago,-25%
974,"Miasma 2: Freedom Uprising
new historical low",5.96 SR,-,in 7 days,7 hours ago,22 hours ago,-25%
975,"Elisa Dragon Hunter
new historical low",2.06 SR,-,in 7 days,5 hours ago,22 hours ago,-25%
976,"Perfect Date
new historical low",11.96 SR,-,in 7 days,9 hours ago,22 hours ago,-25%
977,"Color by Number - Monster Heroes
new historical low",3.93 SR,-,in 6 days,15 hours ago,2 days ago,-25%
978,"Ephesus
new historical low",20.48 SR,-,in 7 days,2 hours ago,22 hours ago,-24%
979,"6Souls
new historical low",9.56 SR,-,in 7 days,6 hours ago,22 hours ago,-20%
980,"KARA Legends
new historical low",17.56 SR,-,,,,-20%
981,"Paths & Danger
new historical low",27.16 SR,-,,,,-20%
982,"Street Outlaws 2: Winner Takes All
new historical low",59.96 SR,-,,,,-20%
983,"One Escape
new historical low",9.56 SR,-,,,,-20%
984,"LOOSEPO
new historical low",4.20 SR,-,in 7 days,8 hours ago,22 hours ago,-20%
985,"Arm Wrestling Reborn
new historical low",37.56 SR,-,in 2 days,5 days ago,6 days ago,-20%
986,"150+ Card Games Solitaire Pack
new historical low",23.96 SR,-,in 5 days,2 days ago,3 days ago,-20%
